asin,title,brand,brand_id,product_url,image_url,currency,deal_price,list_price,badge_discount_pct,badge_label,deal_type,deal_state,deal_id,percent_claimed,deal_ends_at,rating,review_count,pct_5_star,pct_1_star,category,product_type,department_ids,has_variations,is_pinned,source_filter,discount_pct,savings_abs,hours_remaining,is_time_limited,price_band,discount_band,review_band,deal_score,scraped_at
B0GVTPKJVT,"Amazon Fire HD 10 tablet, built for relaxation, 10.1"" vibrant Full HD screen, octa-core processor, 4 GB RAM, 32 GB, Black",Amazon,323125,https://www.amazon.com/Amazon-relaxation-vibrant-octa-core-processor/dp/B0GVTPKJVT,https://m.media-amazon.com/images/I/41vTSMa6mNL,USD,,,,,,,,,,,,,,gl_digital_text_2,AMAZON_TABLET,"16333372011,541966,172282,493964,16333373011",True,False,landing,,,,False,,,,0.0,2026-09-16 23:25:19.134315+00:00
B0D9WVPLVN,"Beckham Hotel Collection Euro Size Throw Pillows (Set of 2), 26 x 26 | Down Alternative Pillow Insert for Bed, Couch, and Sofa",Beckham Hotel Collection,399184,https://www.amazon.com/Beckham-Hotel-Collection-Pillows-Alternative/dp/B0D9WVPLVN,https://m.media-amazon.com/images/I/411AV+bcntL,USD,34.96,49.99,30.0,30% off,LIGHTNING_DEAL,AVAILABLE,6ab750b9,11.0,2026-09-17 04:25:00+00:00,,,,,gl_home,PILLOW,"1055398,1063498",True,False,landing,30.0,15.03,5.0,True,$25–50,20–30%,,18.0,2026-09-16 23:25:19.134315+00:00
B0BRYCXRPG,"Physician's CHOICE Probiotics 60 Billion CFU - 10 Strains + Organic Prebiotics - Immune, Digestive & Gut Health - Supports Occasional Constipation, Diarrhea, Gas & Bloating - for Women & Men - 84ct",Physician's CHOICE,390464,https://www.amazon.com/Physicians-CHOICE-Probiotics-Capsules-Billion/dp/B0BRYCXRPG,https://m.media-amazon.com/images/I/51QFVq8z-gL,USD,,,,,,,,,,,,,,gl_drugstore,NUTRITIONAL_SUPPLEMENT,"3760901,3760931",True,False,landing,,,,False,,,,0.0,2026-09-16 23:25:19.134315+00:00
B0DJMP6T3N,"BISSELL Little Green Mini Portable Carpet Cleaner, 4075 | HydroRinse self-cleaning tool; 4-in. tough stain tool; upholstery & car detailing; Tea Green color",Bissell,213716,https://www.amazon.com/BISSELL-Upholstery-HydroRinse-Self-Cleaning-4075/dp/B0DJMP6T3N,https://m.media-amazon.com/images/I/415MxmXqmWL,USD,88.99,99.99,11.0,11% off,BEST_DEAL,AVAILABLE,3c57320d,,,,,,,gl_home,CARPET_UPHOLSTERY_CLEANING_MACHINE,"1055398,1063498",True,False,landing,11.0,11.0,,False,$50–100,10–20%,,6.6,2026-09-16 23:25:19.134315+00:00
B0H12KX1X4,"Samsung Galaxy Z Fold8 Ultra Unlocked Android Smartphone, 256GB Graphite | Customized Processor, 5000 mAh Battery, Side-By-Side Multitasking, 12 GB Memory, 200MP Camera, Now Nudge, Photo Assist",Samsung,46655,https://www.amazon.com/Samsung-Unlocked-Android-Smartphone-Graphite/dp/B0H12KX1X4,https://m.media-amazon.com/images/I/31uKMpAn-yL,USD,,,,,,,,,,,,,,gl_wireless,CELLULAR_PHONE,"2335752011,2335753011",True,False,landing,,,,False,,,,0.0,2026-09-16 23:25:19.134315+00:00
B0GHRBHVMJ,"Google Pixel 10a - 30+ Hours Battery, Camera Coach, Gemini - Berry 128GB | Gemini Live, durable design, 7 years of Pixel Drops, 30+ hour battery, Camera Coach, Call Screen, Car Crash Detection",Google,370584,https://www.amazon.com/Google-Pixel-10a-Battery-Camera/dp/B0GHRBHVMJ,https://m.media-amazon.com/images/I/31eDoLNCEeL,USD,,,,,,,,,,,,,,gl_wireless,CELLULAR_PHONE,"2335752011,2335753011",True,False,landing,,,,False,,,,0.0,2026-09-16 23:25:19.134315+00:00
B0DD64SSJS,"Garmin fēnix® 8, Sapphire, 43mm, Fog Gray/Dark Sandstone | Premium Multisport Smartwatch, AMOLED Display, GPS, Built-In Flashlight, Dive-Rated, Built-In Speakers & Mic",Garmin,222211,https://www.amazon.com/Garmin-f%C4%93nix%C2%AE-Multisport-Long-Lasting-Built/dp/B0DD64SSJS,https://m.media-amazon.com/images/I/41hrn+wNPWL,USD,849.98,1099.99,23.0,23% off,BEST_DEAL,AVAILABLE,0965abfa,,2026-09-17 06:59:59+00:00,,,,,gl_wireless,WEARABLE_COMPUTER,"172282,493964",True,False,landing,23.0,250.01,7.6,True,$250+,20–30%,,13.8,2026-09-16 23:25:19.134315+00:00
B0CM4NXMV2,"Cottonelle Ultra Clean Toilet Paper, 24 Family Mega Rolls=132 Regular Rolls",Cottonelle,237748,https://www.amazon.com/Cottonelle-CleaningRipples-Texture-Regular-Packaging/dp/B0CM4NXMV2,https://m.media-amazon.com/images/I/51LwlHsmWZL,USD,24.82,27.59,10.0,10% off,BEST_DEAL,AVAILABLE,02711399,,,,,,,gl_drugstore,TOILET_PAPER,"3760901,3760931",False,False,landing,10.0,2.77,,False,$10–25,0–10%,,6.0,2026-09-16 23:25:19.134315+00:00
B0F7Z4QZTT,"Amazon Fire TV Stick 4K Plus (newest model) with AI-powered Fire TV Search, Wi-Fi 6, stream hundreds of thousands of movies and shows, free & live TV, find shows faster with Alexa+",Amazon,323125,https://www.amazon.com/Amazon-newest-AI-powered-Search-million/dp/B0F7Z4QZTT,https://m.media-amazon.com/images/I/31vGhsksTCL,USD,,,,,,,,,,,,,,gl_digital_devices_4,DIGITAL_DEVICE_4,"16333372011,1266092011,172282,493964,16333373011",True,False,landing,,,,False,,,,0.0,2026-09-16 23:25:19.134315+00:00
B07D5DN269,"Niagara Sleep Solution Queen Ultra Soft Mattress Topper — Back Pain Relief | Rayon Derived from Bamboo, 20"" Deep Pocket, Breathable Pillow Top Mattress Pad, Perfect for Hot Sleepers, Green",Niagara Sleep Solution,249229,https://www.amazon.com/Viscose-Bamboo-Queen-Mattress-Topper/dp/B07D5DN269,https://m.media-amazon.com/images/I/41XSwwaHfFL,USD,,,,,,,,,,,,,,gl_furniture,MATTRESS_COVER,"1055398,1063498",True,False,landing,,,,False,,,,0.0,2026-09-16 23:25:19.134315+00:00
B0FH655984,"SUPFINE Magnetic for iPhone 18 Pro Max Case/iPhone 17 Pro Max Case Black | With Screen Protector, Translucent Matte, Compatible with MagSafe, Military Grade Drop Proof, Rugged Shockproof Protective",SUPFINE,930080,https://www.amazon.com/SUPFINE-Pro-Max-Case-Anti-Fingerprint/dp/B0FH655984,https://m.media-amazon.com/images/I/41xu3Cr2CRL,USD,5.58,9.99,44.0,44% off,BEST_DEAL,AVAILABLE,921ca0f0,,,,,,,gl_wireless,CELLULAR_PHONE_CASE,"2335752011,2335753011",True,False,landing,44.0,4.41,,False,<$10,40–50%,,26.4,2026-09-16 23:25:19.134315+00:00
B07VVK39F7,"Levoit Air Purifier for Home Pets Hair Allergens in Bedroom Quiet Purifiers | Quiet HEPA Sleep Mode, Remove 99.97% Dust Pollen Smoke Pet Odor, AHAM VERIFIDE, Core300-P, Up to 1073 ft², White",Levoit,558260,https://www.amazon.com/LEVOIT-Purifier-Home-Allergies-Pets/dp/B07VVK39F7,https://m.media-amazon.com/images/I/419EDCYNm+L,USD,84.98,99.99,15.0,15% off,BEST_DEAL,AVAILABLE,ccbf8f64,,,,,,,gl_home,AIR_PURIFIER,"1055398,1063498",True,False,landing,15.0,15.01,,False,$50–100,10–20%,,9.0,2026-09-16 23:25:19.134315+00:00
B0DT2344N3,"Beats Powerbeats Pro 2 - Wireless Noise Cancelling Workout Earbuds with Secure- Fit Earhooks, Up to 45-Hour Battery with Charging Case, Sweat & Water Resistant, Heart Rate Monitoring - Jet Black",Beats,325772,https://www.amazon.com/Beats-Powerbeats-Wireless-Bluetooth-Earbuds/dp/B0DT2344N3,https://m.media-amazon.com/images/I/31uRiWlPUkL,USD,,,,,,,,,,,,,,gl_electronics,HEADPHONES,"172282,172541,493964",True,False,landing,,,,False,,,,0.0,2026-09-16 23:25:19.134315+00:00
B0C1NM42PN,"BEDLORE Waterproof Mattress Protector, Queen Size Mattress Pad Noiseless | Deep Pockets Fit 6""-18"" Mattresses, Soft Breathable Dirt-proof Bed Mattress Cover Washable for Home, Bedroom, Hotel (White)",BEDLORE,4742140,https://www.amazon.com/BEDLORE-Waterproof-Protector-Noiseless-Breathable/dp/B0C1NM42PN,https://m.media-amazon.com/images/I/41WZQl+cxuL,USD,,,,,,,,,,,,,,gl_home,MATTRESS_COVER,"1055398,1063498",True,False,landing,,,,False,,,,0.0,2026-09-16 23:25:19.134315+00:00
B0FW29X5ZZ,"Waterpik Cordless Pulse 3100 Portable Water Flosser, Rechargeable, Pink | 2 Settings, 1 Precision Tip & 1 Tongue Cleaner Tip for Fresh Breath, Travel, Shower Use, ADA Accepted, WF-20 Amazon Exclusive",Waterpik,129592,https://www.amazon.com/Waterpik-Cordless-Rechargeable-Waterproof-Exclusive/dp/B0FW29X5ZZ,https://m.media-amazon.com/images/I/41Z9Wi0MuNL,USD,34.99,49.99,,,,,,,,,,,,gl_beauty,ORAL_IRRIGATOR,"3760901,3760931",True,False,landing,30.0,15.0,,False,$25–50,20–30%,,18.0,2026-09-16 23:25:19.134315+00:00
B0DJGDC3BD,"Amazon Fire TV Stick HD (newest model), free & live TV, Alexa Voice Remote, powered by the TV, effortless setup, find shows faster with Alexa+",Amazon,323125,https://www.amazon.com/Amazon-Fire-TV-Stick-HD-Thin-and-Portable/dp/B0DJGDC3BD,https://m.media-amazon.com/images/I/313YUMUXo8L,USD,,,,,,,,,,,,,,gl_digital_devices_4,DIGITAL_DEVICE_4,"16333372011,1266092011,172282,493964,16333373011",False,False,landing,,,,False,,,,0.0,2026-09-16 23:25:19.134315+00:00
B0BGPF71Q6,"LEVOIT Smart Air Purifier for Home Large Room up to 1875 Ft² Vital 200S-P | For Quiet Bedroom at 27dB, AHAM VERIFIDE, Air Quality Monitor, HEPA Sleep Mode for Allergies, Pet Hair and dander, White",Levoit,558260,https://www.amazon.com/LEVOIT-Smart-Purifier-Large-200S-P/dp/B0BGPF71Q6,https://m.media-amazon.com/images/I/510mgrRPPIL,USD,167.96,189.99,12.0,12% off,BEST_DEAL,AVAILABLE,b6c3ea0c,,,,,,,gl_home,AIR_PURIFIER,"1055398,1063498",True,False,landing,12.0,22.03,,False,$100–250,10–20%,,7.2,2026-09-16 23:25:19.134315+00:00
B0C3HCD34R,"Soundcore by Anker Q20i Hybrid Active Noise Cancelling Headphones, Black | Over-Ear, Bluetooth, 40H ANC Playtime, Hi-Res Audio, Big Bass, Transparency Mode, Customize via App, Travel, Home, Office",Soundcore,324795,https://www.amazon.com/soundcore-Cancelling-Headphones-Bluetooth-Transparency/dp/B0C3HCD34R,https://m.media-amazon.com/images/I/41-LcaT-aKL,USD,,,,,,,,,,,,,,gl_electronics,HEADPHONES,"172282,172541,493964",True,False,landing,,,,False,,,,0.0,2026-09-16 23:25:19.134315+00:00
B0DMYXH7NX,"In The Swim Pool Closing Kit and Winter Pill Bundle - 7,500 Gallons | Winterizing Chemicals for Above Ground and In-Ground Pools",In The Swim,551635,https://www.amazon.com/Swim-Closing-Winter-Bundle-Ground/dp/B0DMYXH7NX,https://m.media-amazon.com/images/I/41aVUjXBl0L,USD,,,,,,,,,,,,,,gl_lawn_and_garden,POOL_SPA_WATER_TREATMENT,"2972638011,3238155011",True,False,landing,,,,False,,,,0.0,2026-09-16 23:25:19.134315+00:00
B0D3D5LKG9,"BEDLORE Queen Mattress Topper, Thick Soft Pillow Top Bed Topper | Viscose Bamboo, Stretchable Pockets Fit 6”-18”, Breathable Mattress Topper for Back Pain Relief and Hot Sleepers(Dark Gray)",BEDLORE,4742140,https://www.amazon.com/Mattress-Viscose-Derived-Stretchable-Pockets/dp/B0D3D5LKG9,https://m.media-amazon.com/images/I/510m-SjTziL,USD,,,,,,,,,,,,,,gl_home,MATTRESS_COVER,"1055398,1063498",True,False,landing,,,,False,,,,0.0,2026-09-16 23:25:19.134315+00:00
B0HCYX8QBJ,"Miracase Silicone & Magnetic for iPhone 18 Pro Max Case, Burgundy | Compatible with MagSafe, Camera Control Cover, Premium Silicone Cover Shockproof Drop Protection Phone Case for 18 Pro Max",Miracase,250953,https://www.amazon.com/Miracase-Silicone-Magnetic-iPhone-Burgundy/dp/B0HCYX8QBJ,https://m.media-amazon.com/images/I/41uakIhkC3L,USD,21.98,24.99,12.0,12% off,BEST_DEAL,AVAILABLE,3c5b2369,,,,,,,gl_wireless,CELLULAR_PHONE_CASE,"2335752011,2335753011",True,False,landing,12.0,3.01,,False,$10–25,10–20%,,7.2,2026-09-16 23:25:19.134315+00:00
B00SFSU53G,"Mounting Dream Full Motion TV Wall Mount for 32-70 Inch TVs up to 110lbs | Mount Bracket with Swivel and Tilt, TV Bracket with Articulating Dual Arms, Fits 16” Studs, Max VESA 400X400 mm, MD2380",Mounting Dream,306275,https://www.amazon.com/Mounting-Dream-Bracket-Articulating-400x400mm/dp/B00SFSU53G,https://m.media-amazon.com/images/I/41OAL0xNuuL,USD,34.19,37.99,10.0,10% off,BEST_DEAL,AVAILABLE,fc3c88ac,,,,,,,gl_home_entertainment,FLAT_SCREEN_DISPLAY_MOUNT,"1266092011,172282,493964",True,False,landing,10.0,3.8,,False,$25–50,0–10%,,6.0,2026-09-16 23:25:19.134315+00:00
B0DWXBCQVP,"roborock Q10 S5+ Robot Vacuum and Mop, 10,000Pa Suction | Upgraded from Q8 max+, 70-Day Self-Emptying, Obstacle Avoidance, Sonic Mopping, Dual Anti-Tangle Design, Auto Mop Lift, Black",roborock,316796,https://www.amazon.com/roborock-Q10-S5-Self-Emptying-Anti-Tangle/dp/B0DWXBCQVP,https://m.media-amazon.com/images/I/31TzU0YZA6L,USD,,,,,,,,,,,,,,gl_home,ROBOTIC_VACUUM_CLEANER,"16310091,16310161",True,False,landing,,,,False,,,,0.0,2026-09-16 23:25:19.134315+00:00
B0H5WSCS5D,"TORRAS Q3 Air for iPhone 18 Pro Max Case, 360 Magnetic Stand-Cosmic Purple | AirPro Cushion, Fit for MagSafe, Heavy Duty Impact Protection, Camera Control Button, Tough Durable Phone Case, 6.9 inch",TORRAS,170020,https://www.amazon.com/TORRAS-iPhone-Magnetic-Stand-Cosmic-Purple/dp/B0H5WSCS5D,https://m.media-amazon.com/images/I/41Id43HHXQL,USD,59.39,65.99,10.0,10% off,BEST_DEAL,AVAILABLE,04003049,,,,,,,gl_wireless,CELLULAR_PHONE_CASE,"2335752011,2335753011",True,False,landing,10.0,6.6,,False,$50–100,0–10%,,6.0,2026-09-16 23:25:19.134315+00:00
B0CM5C15ZD,"Cottonelle Ultra Soft Toilet Paper, 24 Family Mega Rolls=108 Regular Rolls",Cottonelle,237748,https://www.amazon.com/Cottonelle-Comfort-Cushiony-CleaningRipples-Packaging/dp/B0CM5C15ZD,https://m.media-amazon.com/images/I/51mQcsFGMEL,USD,24.82,27.59,10.0,10% off,BEST_DEAL,AVAILABLE,02711399,,,,,,,gl_drugstore,TOILET_PAPER,"3760901,3760931",False,False,landing,10.0,2.77,,False,$10–25,0–10%,,6.0,2026-09-16 23:25:19.134315+00:00
B0C7Z8HXWJ,"G4Free Yoga Pants for Women Wide Leg Pants with Pockets High Waisted | Moisture Wicking, Soft Comfortable Feel, 4-Way Stretch, Faux Fly, Faux Back Pockets, Yoga, Work & Casual Wear",G4Free,437703,https://www.amazon.com/G4Free-Sweatpants-Slacks-Business-Pockets/dp/B0C7Z8HXWJ,https://m.media-amazon.com/images/I/31J4PLAN6uL,USD,29.58,36.99,20.0,20% off,LIGHTNING_DEAL,AVAILABLE,1f21b602,3.0,2026-09-17 05:40:00+00:00,,,,,gl_apparel,PANTS,"7141123011,7141124011",True,False,landing,20.0,7.41,6.2,True,$25–50,10–20%,,12.0,2026-09-16 23:25:19.134315+00:00
B0CT9552BL,"Dyson V8 Plus Cordless Vacuum, Cleans Hard Floors and Carpets, Detangles, Converts to Handheld, 115AW, 2 Power Modes, Up to 40 Minutes¹",Dyson,213739,https://www.amazon.com/Dyson-Cordless-Vacuum-Silver-Nickel/dp/B0CT9552BL,https://m.media-amazon.com/images/I/31amafoLpaL,USD,449.0,,,,,,,,,,,,,gl_home,VACUUM_CLEANER,"1055398,1063498",True,False,landing,,,,False,$250+,,,0.0,2026-09-16 23:25:19.134315+00:00
B0091JG0LY,"Shark Rotator Lift-Away Upright Vacuum with HEPA Filter, White/Red, NV501 | Lift-Away Pod, 0.9-Qt Dust Cup, Swivel Steering, LED Headlights, Wide Upholstery Tool, Dusting Brush and Crevice Tool",Shark,233910,https://www.amazon.com/Shark-Professional-Lift-Away-Anti-Allergy-NV501/dp/B0091JG0LY,https://m.media-amazon.com/images/I/31cGdgZ89PL,USD,199.0,329.99,40.0,40% off,BEST_DEAL,AVAILABLE,6024b007,,,,,,,gl_home,VACUUM_CLEANER,"1055398,1063498",True,False,landing,40.0,130.99,,False,$100–250,30–40%,,24.0,2026-09-16 23:25:19.134315+00:00
B0CZPLV566,"Beats Solo 4 - Wireless On-Ear Bluetooth Headphones, Up to 50-Hour Battery Life, Ultra-Lightweight Comfort, Powerful and Balanced Sound, Apple & Android Compatible - Matte Black",Beats,325772,https://www.amazon.com/Beats-Solo-Wireless-Headphones-Matte/dp/B0CZPLV566,https://m.media-amazon.com/images/I/31NEn54gv5L,USD,,,,,,,,,,,,,,gl_electronics,HEADPHONES,"172282,172541,493964",True,False,landing,,,,False,,,,0.0,2026-09-16 23:25:19.134315+00:00
B0C8PR4W22,"Beats Studio Pro Premium Wireless Over-Ear Headphones- Up to 40-Hour Battery Life, Active Noise Cancelling, Great for Travel & Commuting, USB-C Lossless Audio, Apple & Android Compatible -Black",Beats,325772,https://www.amazon.com/Beats-Studio-Pro-Personalized-Compatibility/dp/B0C8PR4W22,https://m.media-amazon.com/images/I/41BH74ZyJpL,USD,,,,,,,,,,,,,,gl_electronics,HEADPHONES,"172282,172541,493964",True,False,landing,,,,False,,,,0.0,2026-09-16 23:25:19.134315+00:00
B00BJP57F8,"Making Good Habits, Breaking Bad Habits: 14 New Behaviors That Will Energize Your Life",Audible,631421,https://www.amazon.com/Making-Good-Habits-Breaking-Bad/dp/B00BJP57F8,https://m.media-amazon.com/images/I/51d80rfikqL,USD,6.99,17.09,59.0,59% off,BEST_DEAL,AVAILABLE,3c020e12,,,,,,,gl_audible,DOWNLOADABLE_AUDIO,"1000,18145290011",True,False,departments:18145290011,59.0,10.1,,False,<$10,50%+,,35.4,2026-09-16 23:25:19.134315+00:00
B0CMRS43LQ,Holy Bible: New Living Translation (NLT),Audible,631421,https://www.amazon.com/Holy-Bible-New-Living-Translation/dp/B0CMRS43LQ,https://m.media-amazon.com/images/I/31WcHTegbeL,USD,5.99,30.33,80.0,80% off,BEST_DEAL,AVAILABLE,3c020e12,,,,,,,gl_audible,DOWNLOADABLE_AUDIO,"1000,18145290011",True,False,departments:18145290011,80.0,24.34,,False,<$10,50%+,,48.0,2026-09-16 23:25:19.134315+00:00
B0D63VYK3C,Pretty Monster: A Dark Romance,Audible,631421,https://www.amazon.com/Pretty-Monster-Dark-Stalker-Romance/dp/B0D63VYK3C,https://m.media-amazon.com/images/I/51vAnYdJOJL,USD,5.99,21.02,72.0,72% off,BEST_DEAL,AVAILABLE,3c020e12,,,,,,,gl_audible,DOWNLOADABLE_AUDIO,"1000,18145290011",True,False,departments:18145290011,72.0,15.03,,False,<$10,50%+,,43.2,2026-09-16 23:25:19.134315+00:00
B0B2JBGPQK,Blitz: A Novel,Audible,631421,https://www.amazon.com/Audible-Blitz-A-Novel/dp/B0B2JBGPQK,https://m.media-amazon.com/images/I/51FgmjmkRHL,USD,7.99,40.49,80.0,80% off,BEST_DEAL,AVAILABLE,3c020e12,,,,,,,gl_audible,DOWNLOADABLE_AUDIO,"1000,18145290011",True,False,departments:18145290011,80.0,32.5,,False,<$10,50%+,,48.0,2026-09-16 23:25:19.134315+00:00
B0FCSP1MXT,Si es perfecto no es amor,Audible,631421,https://www.amazon.com/Audible-Si-perfecto-amor/dp/B0FCSP1MXT,https://m.media-amazon.com/images/I/51eyuSvrMTL,USD,5.99,19.79,70.0,70% off,BEST_DEAL,AVAILABLE,3c020e12,,,,,,,gl_audible,DOWNLOADABLE_AUDIO,"1000,18145290011",True,False,departments:18145290011,70.0,13.8,,False,<$10,50%+,,42.0,2026-09-16 23:25:19.134315+00:00
B09M9D97TP,The Manhattan Girls: A Novel of Dorothy Parker and Her Friends,Audible,631421,https://www.amazon.com/Manhattan-Girls-Dorothy-Parker-Friends/dp/B09M9D97TP,https://m.media-amazon.com/images/I/51Fy-zq22qL,USD,5.99,26.09,77.0,77% off,BEST_DEAL,AVAILABLE,3c020e12,,,,,,,gl_audible,DOWNLOADABLE_AUDIO,"1000,18145290011",True,False,departments:18145290011,77.0,20.1,,False,<$10,50%+,,46.2,2026-09-16 23:25:19.134315+00:00
B07QJ737RD,Cinécdoque,Audible,631421,https://www.amazon.com/Cinecdoque-audiolibro/dp/B07QJ737RD,https://m.media-amazon.com/images/I/51wgeY6FCgL,USD,6.99,14.39,51.0,51% off,BEST_DEAL,AVAILABLE,3c020e12,,,,,,,gl_audible,DOWNLOADABLE_AUDIO,"1000,18145290011",True,False,departments:18145290011,51.0,7.4,,False,<$10,50%+,,30.6,2026-09-16 23:25:19.134315+00:00
B07VCH3F5P,Find Your Artistic Voice: The Essential Guide to Working Your Creative Magic,Audible,631421,https://www.amazon.com/Find-Your-Artistic-Voice-audiobook/dp/B07VCH3F5P,https://m.media-amazon.com/images/I/51E9kWmgvVL,USD,6.99,20.66,66.0,66% off,BEST_DEAL,AVAILABLE,3c020e12,,,,,,,gl_audible,DOWNLOADABLE_AUDIO,"1000,18145290011",True,False,departments:18145290011,66.0,13.67,,False,<$10,50%+,,39.6,2026-09-16 23:25:19.134315+00:00
B0BY9NXFV7,"Empty Your Backpack: Unpack Your Beliefs, Take Consistent Action, and Create a Life of Meaning",Audible,631421,https://www.amazon.com/Empty-Your-Backpack-Beliefs-Consistent/dp/B0BY9NXFV7,https://m.media-amazon.com/images/I/41V8m2vGrlL,USD,5.99,12.78,53.0,53% off,BEST_DEAL,AVAILABLE,3c020e12,,,,,,,gl_audible,DOWNLOADABLE_AUDIO,"1000,18145290011",True,False,departments:18145290011,53.0,6.79,,False,<$10,50%+,,31.8,2026-09-16 23:25:19.134315+00:00
B0BVJD67DJ,Created to Dream: The 6 Phases God Uses to Grow Your Faith,Audible,631421,https://www.amazon.com/Created-Dream-Phases-Uses-Faith/dp/B0BVJD67DJ,https://m.media-amazon.com/images/I/41NVtBhBFCL,USD,6.99,18.89,63.0,63% off,BEST_DEAL,AVAILABLE,3c020e12,,,,,,,gl_audible,DOWNLOADABLE_AUDIO,"1000,18145290011",True,False,departments:18145290011,63.0,11.9,,False,<$10,50%+,,37.8,2026-09-16 23:25:19.134315+00:00
B0BLY243C6,An Honest Man: A Novel,Audible,631421,https://www.amazon.com/An-Honest-Man-A-Novel/dp/B0BLY243C6,https://m.media-amazon.com/images/I/51e0dpVJ+lL,USD,5.99,25.19,76.0,76% off,BEST_DEAL,AVAILABLE,3c020e12,,,,,,,gl_audible,DOWNLOADABLE_AUDIO,"1000,18145290011",True,False,departments:18145290011,76.0,19.2,,False,<$10,50%+,,45.6,2026-09-16 23:25:19.134315+00:00
B009NOTBBS,Into the Woods,Audible,631421,https://www.amazon.com/Into-Woods-Kim-Harrison-audiobook/dp/B009NOTBBS,https://m.media-amazon.com/images/I/61YJs2iuOaL,USD,7.99,41.39,81.0,81% off,BEST_DEAL,AVAILABLE,3c020e12,,,,,,,gl_audible,DOWNLOADABLE_AUDIO,"1000,18145290011",True,False,departments:18145290011,81.0,33.4,,False,<$10,50%+,,48.6,2026-09-16 23:25:19.134315+00:00
B0FCGBB5TX,"Obsessively Yours: Fae Kings of Eden, Book 2",Audible,631421,https://www.amazon.com/Obsessively-Yours-Kings-Eden-Book/dp/B0FCGBB5TX,https://m.media-amazon.com/images/I/51nCzvWMW9L,USD,5.99,21.62,72.0,72% off,BEST_DEAL,AVAILABLE,3c020e12,,,,,,,gl_audible,DOWNLOADABLE_AUDIO,"1000,18145290011",True,False,departments:18145290011,72.0,15.63,,False,<$10,50%+,,43.2,2026-09-16 23:25:19.134315+00:00
B0BJ1C6XCT,"The Lost Tomb: And Other Real-Life Stories of Bones, Burials, and Murder",Audible,631421,https://www.amazon.com/Lost-Tomb-Real-Life-Stories-Burials/dp/B0BJ1C6XCT,https://m.media-amazon.com/images/I/51aCzpI9ylL,USD,7.99,28.79,72.0,72% off,BEST_DEAL,AVAILABLE,3c020e12,,,,,,,gl_audible,DOWNLOADABLE_AUDIO,"1000,18145290011",True,False,departments:18145290011,72.0,20.8,,False,<$10,50%+,,43.2,2026-09-16 23:25:19.134315+00:00
B08V6ZN2CQ,African Europeans: An Untold History,Audible,631421,https://www.amazon.com/African-Europeans-An-Untold-History/dp/B08V6ZN2CQ,https://m.media-amazon.com/images/I/4153gAk2zGL,USD,5.99,22.49,73.0,73% off,BEST_DEAL,AVAILABLE,3c020e12,,,,,,,gl_audible,DOWNLOADABLE_AUDIO,"1000,18145290011",True,False,departments:18145290011,73.0,16.5,,False,<$10,50%+,,43.8,2026-09-16 23:25:19.134315+00:00
B07L5ZKK3P,"The Science of Self-Learning: How to Teach Yourself Anything, Learn More in Less Time, and Direct Your Own Education",Audible,631421,https://www.amazon.com/The-Science-of-Self-Learning-audiobook/dp/B07L5ZKK3P,https://m.media-amazon.com/images/I/516M1h8vuRL,USD,5.99,13.31,55.0,55% off,BEST_DEAL,AVAILABLE,3c020e12,,,,,,,gl_audible,DOWNLOADABLE_AUDIO,"1000,18145290011",True,False,departments:18145290011,55.0,7.32,,False,<$10,50%+,,33.0,2026-09-16 23:25:19.134315+00:00
B093TMBN76,Maverick: A Biography of Thomas Sowell,Audible,631421,https://www.amazon.com/Maverick-Biography-Thomas-Sowell/dp/B093TMBN76,https://m.media-amazon.com/images/I/51yd1UKgFMS,USD,6.99,22.49,69.0,69% off,BEST_DEAL,AVAILABLE,3c020e12,,,,,,,gl_audible,DOWNLOADABLE_AUDIO,"1000,18145290011",True,False,departments:18145290011,69.0,15.5,,False,<$10,50%+,,41.4,2026-09-16 23:25:19.134315+00:00
B09BG8T77V,Nine Lives: A Novel,Audible,631421,https://www.amazon.com/Audible-Nine-Lives-A-Novel/dp/B09BG8T77V,https://m.media-amazon.com/images/I/51L02oeanZL,USD,5.99,21.59,72.0,72% off,BEST_DEAL,AVAILABLE,3c020e12,,,,,,,gl_audible,DOWNLOADABLE_AUDIO,"1000,18145290011",True,False,departments:18145290011,72.0,15.6,,False,<$10,50%+,,43.2,2026-09-16 23:25:19.134315+00:00
B0DRLDFZHR,"Parejas mejores [Better Couples]: Construye una relación fuerte, sana y que perdure en el tiempo [Build a Strong, Healthy Relationship That Lasts over Time]",Audible,631421,https://www.amazon.com/Parejas-mejores-Better-Couples-Relationship/dp/B0DRLDFZHR,https://m.media-amazon.com/images/I/41Z2gtOL80L,USD,7.99,17.09,53.0,53% off,BEST_DEAL,AVAILABLE,3c020e12,,,,,,,gl_audible,DOWNLOADABLE_AUDIO,"1000,18145290011",True,False,departments:18145290011,53.0,9.1,,False,<$10,50%+,,31.8,2026-09-16 23:25:19.134315+00:00
B0FH7DWZ83,The Golden Boy,Audible,631421,https://www.amazon.com/Audible-The-Golden-Boy/dp/B0FH7DWZ83,https://m.media-amazon.com/images/I/51xZhWsu4XL,USD,5.99,25.19,76.0,76% off,BEST_DEAL,AVAILABLE,3c020e12,,,,,,,gl_audible,DOWNLOADABLE_AUDIO,"1000,18145290011",True,False,departments:18145290011,76.0,19.2,,False,<$10,50%+,,45.6,2026-09-16 23:25:19.134315+00:00
B0C6FMLQZL,Adulthood Rites,Audible,631421,https://www.amazon.com/Audible-Adulthood-Rites/dp/B0C6FMLQZL,https://m.media-amazon.com/images/I/51KeH1aKJcL,USD,5.99,25.19,76.0,76% off,BEST_DEAL,AVAILABLE,3c020e12,,,,,,,gl_audible,DOWNLOADABLE_AUDIO,"1000,18145290011",True,False,departments:18145290011,76.0,19.2,,False,<$10,50%+,,45.6,2026-09-16 23:25:19.134315+00:00
B07F1VYBJB,The Aquariums of Pyongyang: Ten Years in the North Korean Gulag,Audible,631421,https://www.amazon.com/The-Aquariums-of-Pyongyang-audiobook/dp/B07F1VYBJB,https://m.media-amazon.com/images/I/512qNBO1TWL,USD,7.99,22.49,64.0,64% off,BEST_DEAL,AVAILABLE,3c020e12,,,,,,,gl_audible,DOWNLOADABLE_AUDIO,"1000,18145290011",True,False,departments:18145290011,64.0,14.5,,False,<$10,50%+,,38.4,2026-09-16 23:25:19.134315+00:00
B07CS9L882,GuRu,Audible,631421,https://www.amazon.com/GuRu-RuPaul-audiobook/dp/B07CS9L882,https://m.media-amazon.com/images/I/51jSHaAt9JL,USD,6.99,14.39,51.0,51% off,BEST_DEAL,AVAILABLE,3c020e12,,,,,,,gl_audible,DOWNLOADABLE_AUDIO,"1000,18145290011",True,False,departments:18145290011,51.0,7.4,,False,<$10,50%+,,30.6,2026-09-16 23:25:19.134315+00:00
B07DR6VG2D,This Will Only Hurt a Little,Audible,631421,https://www.amazon.com/This-Will-Only-Hurt-Little-audiobook/dp/B07DR6VG2D,https://m.media-amazon.com/images/I/41oxxydEO7L,USD,6.99,14.99,53.0,53% off,BEST_DEAL,AVAILABLE,3c020e12,,,,,,,gl_audible,DOWNLOADABLE_AUDIO,"1000,18145290011",True,False,departments:18145290011,53.0,8.0,,False,<$10,50%+,,31.8,2026-09-16 23:25:19.134315+00:00
B0DZ8SC1MR,Perfect Victims: And the Politics of Appeal,Audible,631421,https://www.amazon.com/Audible-Perfect-Victims-Politics-Appeal/dp/B0DZ8SC1MR,https://m.media-amazon.com/images/I/411mUcTfTFL,USD,6.99,14.52,52.0,52% off,BEST_DEAL,AVAILABLE,3c020e12,,,,,,,gl_audible,DOWNLOADABLE_AUDIO,"1000,18145290011",True,False,departments:18145290011,52.0,7.53,,False,<$10,50%+,,31.2,2026-09-16 23:25:19.134315+00:00
B01EGBESJC,God and the Afterlife: The Groundbreaking New Evidence for God and Near-Death Experience,Audible,631421,https://www.amazon.com/God-and-Afterlife-audiobook/dp/B01EGBESJC,https://m.media-amazon.com/images/I/51mjFSmIKYL,USD,7.99,17.99,56.0,56% off,BEST_DEAL,AVAILABLE,3c020e12,,,,,,,gl_audible,DOWNLOADABLE_AUDIO,"1000,18145290011",True,False,departments:18145290011,56.0,10.0,,False,<$10,50%+,,33.6,2026-09-16 23:25:19.134315+00:00
B000M8NLWE,How to See Yourself As You Really Are,Audible,631421,https://www.amazon.com/How-See-Yourself-You-Really/dp/B000M8NLWE,https://m.media-amazon.com/images/I/51F1zJror+L,USD,6.99,14.99,53.0,53% off,BEST_DEAL,AVAILABLE,3c020e12,,,,,,,gl_audible,DOWNLOADABLE_AUDIO,"1000,18145290011",True,False,departments:18145290011,53.0,8.0,,False,<$10,50%+,,31.8,2026-09-16 23:25:19.134315+00:00
B0DJTH6FX8,Gabriel's Moon: A Novel,Audible,631421,https://www.amazon.com/Audible-Gabriels-Moon-A-Novel/dp/B0DJTH6FX8,https://m.media-amazon.com/images/I/51IOoujdQgL,USD,5.99,19.49,69.0,69% off,BEST_DEAL,AVAILABLE,3c020e12,,,,,,,gl_audible,DOWNLOADABLE_AUDIO,"1000,18145290011",True,False,departments:18145290011,69.0,13.5,,False,<$10,50%+,,41.4,2026-09-16 23:25:19.134315+00:00
B0BTCBX5CX,"Opinions: A Decade of Arguments, Criticism, and Minding Other People’s Business",Audible,631421,https://www.amazon.com/Opinions-Arguments-Criticism-Minding-Business/dp/B0BTCBX5CX,https://m.media-amazon.com/images/I/51-fdtKdEsL,USD,4.99,26.09,81.0,81% off,BEST_DEAL,AVAILABLE,3c020e12,,,,,,,gl_audible,DOWNLOADABLE_AUDIO,"1000,18145290011",True,False,departments:18145290011,81.0,21.1,,False,<$10,50%+,,48.6,2026-09-16 23:25:19.134315+00:00
B08LP3V3BR,El hombre en busca de sentido [Man's Search for Meaning],Audible,631421,https://www.amazon.com/hombre-busca-sentido-Search-Meaning/dp/B08LP3V3BR,https://m.media-amazon.com/images/I/51rHVUit9uL,USD,6.99,14.35,51.0,51% off,BEST_DEAL,AVAILABLE,3c020e12,,,,,,,gl_audible,DOWNLOADABLE_AUDIO,"1000,18145290011",True,False,departments:18145290011,51.0,7.36,,False,<$10,50%+,,30.6,2026-09-16 23:25:19.134315+00:00
B074ZN8X96,Lancôme L'Absolu Rouge Hydrating Cream Lipstick - Smudge-Resistant | Hydrating Cream Lipstick with Hyaluronic Acid - Luminous Finish - With Smudge-Resistant Formula - Up To 18HR Comfort,Lancôme,235847,https://www.amazon.com/Lanc%C3%B4me-LAbsolu-Hydrating-Lipstick-Long-Wear/dp/B074ZN8X96,https://m.media-amazon.com/images/I/31FBgHNvduL,USD,,,,,,,,,,,,,,gl_luxury_beauty,LIP_COLOR,"11260432011,11260433011",True,False,departments:11260433011,,,,False,,,,0.0,2026-09-16 23:25:19.134315+00:00
B09L7YKY6H,"HONEY JOY Ride on Sand Digger, Metal Sit on Crane Sandbox Digger Toy with Rotatable Seat & Handle, Toddlers Excavator Ride on Toy for Backyard, Kids Big Digger Backhoe for Boys Girls",HONEY JOY,628559,https://www.amazon.com/HONEY-JOY-Rotatable-Toddlers-Excavator/dp/B09L7YKY6H,https://m.media-amazon.com/images/I/41gB0x2fVxL,USD,50.39,55.99,10.0,10% off,BEST_DEAL,AVAILABLE,d7f76401,,2026-09-17 06:45:00+00:00,,,,,gl_toy,RIDE_ON_TOY,"11260432011,11260433011",True,False,departments:11260433011,10.0,5.6,7.3,True,$50–100,0–10%,,6.0,2026-09-16 23:25:19.134315+00:00
B08PDB319R,"Yesker Storage Tower Units, Nightstand Dresser Organizer with 4 Drawers, Fabric Vertical, Steel Frame Wide Wood Top Small Dresser for Bedroom Hallway Entryway Closets, Easy Pull Handle, Black Grey",Yesker,307683,https://www.amazon.com/Yesker-Nightstand-Organizer-Vertical-Entryway/dp/B08PDB319R,https://m.media-amazon.com/images/I/41EeXIcx95L,USD,44.99,49.99,10.0,10% off,BEST_DEAL,AVAILABLE,7ffd9f22,,,,,,,gl_furniture,DRESSER,"11260432011,1063498,1055398,11260433011,1063306",True,False,departments:11260433011,10.0,5.0,,False,$25–50,0–10%,,6.0,2026-09-16 23:25:19.134315+00:00
B079H53D2B,"Physician's CHOICE Probiotics 60 Billion CFU - 10 Strains + Organic Prebiotics - Immune, Digestive & Gut Health - Supports Occasional Constipation, Diarrhea, Gas & Bloating - for Women & Men - 30ct",Physician's CHOICE,390464,https://www.amazon.com/Probiotics-Formulated-Probiotic-Supplement-Acidophilus/dp/B079H53D2B,https://m.media-amazon.com/images/I/511SYr0NXnL,USD,,,,,,,,,,,,,,gl_drugstore,NUTRITIONAL_SUPPLEMENT,"3760901,3760931",True,False,bubble:deals-collection-cml,,,,False,,,,0.0,2026-09-16 23:25:19.134315+00:00
B0DT2H17F6,"Beats Powerbeats Pro 2 - Wireless Noise Cancelling Workout Earbuds with Secure- Fit Earhooks, Up to 45-Hour Battery with Charging Case, Sweat & Water Resistant, Heart Rate Monitoring - Quick Sand",Beats,325772,https://www.amazon.com/Beats-Powerbeats-Wireless-Bluetooth-Earbuds/dp/B0DT2H17F6,https://m.media-amazon.com/images/I/21dmCaXsrFL,USD,,,,,,,,,,,,,,gl_electronics,HEADPHONES,"172282,172541,493964",True,False,bubble:deals-collection-cml,,,,False,,,,0.0,2026-09-16 23:25:19.134315+00:00
B0CYTC5V94,"G4Free Yoga Pants for Women Wide Leg Pants with Pockets High Waisted | Moisture Wicking, Soft Comfortable Feel, 4-Way Stretch, Faux Fly, Faux Back Pockets, Yoga, Work & Casual Wear",G4Free,437703,https://www.amazon.com/G4Free-Lightweight-Breathable-Sweatpants-Vacation/dp/B0CYTC5V94,https://m.media-amazon.com/images/I/31sPPB4ce4L,USD,28.09,36.99,24.0,24% off,LIGHTNING_DEAL,AVAILABLE,1f21b602,9.0,2026-09-17 05:40:00+00:00,,,,,gl_apparel,PANTS,"7141123011,7141124011",True,False,bubble:deals-collection-cml,24.0,8.9,6.2,True,$25–50,20–30%,,14.4,2026-09-16 23:25:19.134315+00:00
B0CZPHPJLN,"Beats Solo 4 - Wireless On-Ear Bluetooth Headphones, Up to 50-Hour Battery Life, Ultra-Lightweight Comfort, Powerful and Balanced Sound, Apple & Android Compatible - Slate Blue",Beats,325772,https://www.amazon.com/Beats-Solo-Ear-Headphones-Compatible/dp/B0CZPHPJLN,https://m.media-amazon.com/images/I/31xWuq09gjL,USD,,,,,,,,,,,,,,gl_electronics,HEADPHONES,"172282,172541,493964",True,False,bubble:deals-collection-cml,,,,False,,,,0.0,2026-09-16 23:25:19.134315+00:00
B085TFF7M1,"Logitech C920x HD Pro PC Webcam Full 1080p/30fps Video - Black | 30fps Video, Clear Audio, Light Correction, Works with Teams, Meet, Zoom, Nintendo Switch 2, Mac, Tablet",Logitech,213704,https://www.amazon.com/Logitech-C920x-Pro-HD-Webcam/dp/B085TFF7M1,https://m.media-amazon.com/images/I/31UjVjrQ4vL,USD,69.9,,,,,,,,,,,,,gl_pc,CAMCORDER,"172282,493964,541966",True,False,bubble:deals-collection-cml,,,,False,$50–100,,,0.0,2026-09-16 23:25:19.134315+00:00
B0CB1FW5FC,"INIU 10000mAh 45W Fast Charging Portable Charger, Smaller Travel Power Bank | Flight-Safe, Detachable USB C Cable, Travel Essential, External Battery Phone Pack for iPhone 18 17 Samsung iPad etc",INIU,262640,https://www.amazon.com/INIU-Portable-High-Speed-Flashlight-Compatible/dp/B0CB1FW5FC,https://m.media-amazon.com/images/I/41GzEENvuwL,USD,,,,,,,,,,,,,,gl_wireless,POWER_BANK,"2335752011,2335753011",True,False,bubble:deals-collection-cml,,,,False,,,,0.0,2026-09-16 23:25:19.134315+00:00
B0BP9SNVH9,"Amazon Fire TV Stick 4K Max (newest model), streaming device, with AI-powered Fire TV Search, supports Wi-Fi 6E, free & live TV without cable or satellite, find shows faster with Alexa+",Amazon,323125,https://www.amazon.com/all-new-amazon-fire-tv-stick-4k-max/dp/B0BP9SNVH9,https://m.media-amazon.com/images/I/31UcA8Wb1BL,USD,,,,,,,,,,,,,,gl_digital_devices_4,DIGITAL_DEVICE_4,"16333372011,1266092011,172282,493964,16333373011",True,False,bubble:deals-collection-cml,,,,False,,,,0.0,2026-09-16 23:25:19.134315+00:00
B09Y59DMNY,"Miracase Glass Series for iPhone 11 Case 6.1 inch, Upgraded Full-Body Rugged Phone Bumper Case Cover with Built-in 9H Tempered Glass Screen Protector and Camera Protector, Light Blue",Miracase,250953,https://www.amazon.com/Miracase-Designed-Full-Body-Protector-Compatible/dp/B09Y59DMNY,https://m.media-amazon.com/images/I/41il993g1NL,USD,19.79,21.99,10.0,10% off,BEST_DEAL,AVAILABLE,4ccca46e,,,,,,,gl_wireless,CELLULAR_PHONE_CASE,"2335752011,2335753011",True,False,bubble:deals-collection-cml,10.0,2.2,,False,$10–25,0–10%,,6.0,2026-09-16 23:25:19.134315+00:00
B095HJSKXD,"YND Men's 2 Piece Suit with Tie, Slim Fit Solid Color Jacket and Pants Set | 1 Button Suits, 20+ Colors, Modern Cut Notch Lapel, Random Tie, for Men of All Ages, Prom Party Wedding and Holidays",YND,622262,https://www.amazon.com/YND-Button-Jacket-Wedding-Trousers/dp/B095HJSKXD,https://m.media-amazon.com/images/I/41eE8PMhc2L,USD,,,,,,,,,,,,,,gl_apparel,SUIT,"1040658,7141123011,7141124011,7147441011",True,False,bubble:deals-collection-cml,,,,False,,,,0.0,2026-09-16 23:25:19.134315+00:00
B08VHW5L6Z,"LOAAO 24X36 Inch Black Bathroom Mirror Metal Framed | Rounded Rectangle, Matte Black Bathroom Vanity Mirror, Anti-Rust, Hangs Horizontally or Vertically",LOAAO,959015,https://www.amazon.com/LOAAO-24X36-Bathroom-Mirror-Framed/dp/B08VHW5L6Z,https://m.media-amazon.com/images/I/41A70TvkdZL,USD,53.99,59.99,10.0,10% off,BEST_DEAL,AVAILABLE,3c21febe,,,,,,,gl_home,HOME_MIRROR,"1055398,1063498",True,False,bubble:deals-collection-cml,10.0,6.0,,False,$50–100,0–10%,,6.0,2026-09-16 23:25:19.134315+00:00
B0D4Q9F5K5,"Sidefeel Women's Wide Leg Jeans High Waisted Stretchy Denim Pants | Raw Hem, Zimbaplatinum, Side Seam, Full Length, Baggy Jeans, Boyfriend Fit, Trendy, Fashion Clothing",Sidefeel,591341,https://www.amazon.com/Sidefeel-Womens-Waisted-Strechy-Straight/dp/B0D4Q9F5K5,https://m.media-amazon.com/images/I/319vKUzOqVL,USD,31.49,45.99,32.0,32% off,BEST_DEAL,AVAILABLE,d3e8ec14,,,,,,,gl_apparel,PANTS,"1040660,7141123011,7141124011,7147440011",True,False,bubble:deals-collection-cml,32.0,14.5,,False,$25–50,30–40%,,19.2,2026-09-16 23:25:19.134315+00:00
B0C1YZQQBN,"Bedsure Soft Cozy King Size Fleece Blankets for Bed Off White 108""x90"" | Birthday Gifts for Women Mom Her, Warm Lightweight Cozy Fluffy Throw Blanket Sofa, Dorm Room Home Decor, Machine Washable",Bedsure,110524,https://www.amazon.com/Bedsure-White-Fleece-Blanket-Couch/dp/B0C1YZQQBN,https://m.media-amazon.com/images/I/411d2iz5O4L,USD,28.79,34.48,17.0,17% off,BEST_DEAL,AVAILABLE,d28806c9,,,,,,,gl_home,BLANKET,"1055398,1063498",True,False,bubble:deals-collection-cml,17.0,5.69,,False,$25–50,10–20%,,10.2,2026-09-16 23:25:19.134315+00:00
B0C21ZLQNC,Physician's CHOICE Digestive Enzymes for Bloating & Digestion - Fast-Acting 16 Enzyme Formula with Organic Prebiotics & Probiotics for Gut & Digestive Health - Meal Time Discomfort Relief - 60 CT,Physician's CHOICE,390464,https://www.amazon.com/Physicians-CHOICE-Digestive-Enzymes-Prebiotics/dp/B0C21ZLQNC,https://m.media-amazon.com/images/I/51VVRpOv-8L,USD,,,,,,,,,,,,,,gl_drugstore,NUTRITIONAL_SUPPLEMENT,"3760901,3760931",True,False,bubble:deals-collection-cml,,,,False,,,,0.0,2026-09-16 23:25:19.134315+00:00
B09LD1T57H,TAGRY Bluetooth Headphones True Wireless Earbuds 60H Playback LED Power Display Earphones with Wireless Charging Case IPX5 Waterproof in-Ear Ear buds with Mic for TV Smart Phone Laptop Computer Sports,TAGRY,1221621,https://www.amazon.com/Wireless-Earbuds-TAGRY-Bluetooth-Earphones/dp/B09LD1T57H,https://m.media-amazon.com/images/I/41iUahxohiL,USD,37.99,,,,,,,,,,,,,gl_electronics,HEADPHONES,"172282,172541,493964",True,False,bubble:deals-collection-cml,,,,False,$25–50,,,0.0,2026-09-16 23:25:19.134315+00:00
B0FBF71997,"PRETTYGARDEN Women's Tailored Wide Leg Work Dress Pants | High Waisted Flowy Business Casual Palazzo Pants, Professional Office Trousers Slacks, Interview Outfits, Work Clothes",PRETTYGARDEN,331302,https://www.amazon.com/PRETTYGARDEN-Business-Palazzo-Waisted-Trousers/dp/B0FBF71997,https://m.media-amazon.com/images/I/31MdjymmUFL,USD,31.99,40.99,22.0,22% off,BEST_DEAL,AVAILABLE,86ebac6f,,,,,,,gl_apparel,PANTS,"1040660,7141123011,7141124011,7147440011",True,False,bubble:deals-collection-cml,22.0,9.0,,False,$25–50,20–30%,,13.2,2026-09-16 23:25:19.134315+00:00
B07412HCTL,"MooMee Duvet Cover Set 100% Washed Cotton Linen Like King | Relaxed Linen-like Texture. Soft, Breathable & Long-lasting Comfort. Lightweight. Hidden Zipper with 8 Interior Corner Ties",MooMee,334414,https://www.amazon.com/MooMee-Collection-Washed-Cotton-Comforter/dp/B07412HCTL,https://m.media-amazon.com/images/I/518JyvKrnJL,USD,67.98,79.99,15.0,15% off,LIGHTNING_DEAL,AVAILABLE,c7f8c75a,0.0,2026-09-17 05:55:00+00:00,,,,,gl_home,BED_LINEN_SET,"1055398,1063498",True,False,bubble:deals-collection-cml,15.0,12.01,6.5,True,$50–100,10–20%,,9.0,2026-09-16 23:25:19.134315+00:00
B00NGV4506,"Ninja Professional Blender, 1000W, Total Crushing Tech, 72oz Pitcher, BL610 | 1000W Total Crushing blades crush ice & blend smoothies, sauces. XL 72-oz pitcher for family batches. Dishwasher-safe parts.",Ninja,391646,https://www.amazon.com/Ninja-Professional-Countertop-Technology-BL610/dp/B00NGV4506,https://m.media-amazon.com/images/I/31jWCOWssAL,USD,89.98,109.99,18.0,18% off,BEST_DEAL,AVAILABLE,c309a3ad,,,,,,,gl_kitchen,FOOD_BLENDER,"1055398,1063498,284507",True,False,bubble:deals-collection-cml,18.0,20.01,,False,$50–100,10–20%,,10.8,2026-09-16 23:25:19.134315+00:00
B0CHRD5V92,"PRETTYGARDEN Women's 2 Piece Matching Lounge Set Sweatsuits | Zip Up Sweatshirt, Long Sleeve Pullover Tops, Elastic Waist Drawstring, Wide Leg Pants Pocket, Fall Tracksuit, Spring Outfits",PRETTYGARDEN,331302,https://www.amazon.com/PRETTYGARDEN-Outfits-Sweatshirts-Palazza-Sweatsuits/dp/B0CHRD5V92,https://m.media-amazon.com/images/I/31WUVNJmYaL,USD,36.07,51.99,31.0,31% off,LIGHTNING_DEAL,AVAILABLE,bcd7b717,30.0,2026-09-17 00:35:00+00:00,,,,,gl_apparel,TRACK_SUIT,"1040660,7141123011,7141124011,7147440011",True,False,bubble:deals-collection-cml,31.0,15.92,1.2,True,$25–50,30–40%,,18.6,2026-09-16 23:25:19.134315+00:00
B0BFCZMNCY,"Bedsure Fleece Blanket Queen Blanket Linen Beige - 280GSM Soft Lightweight Plush Cozy Blankets for Bed, Sofa, Couch, Travel, Camping",Bedsure,110524,https://www.amazon.com/Bedsure-Fleece-Blanket-Queen-Linen/dp/B0BFCZMNCY,https://m.media-amazon.com/images/I/41VJ+uw6uwL,USD,28.79,31.99,10.0,10% off,BEST_DEAL,AVAILABLE,cb794d47,,,,,,,gl_home,BLANKET,"1055398,1063498",True,False,bubble:deals-collection-cml,10.0,3.2,,False,$25–50,0–10%,,6.0,2026-09-16 23:25:19.134315+00:00
B0CTJGJL2T,"GODONLIF Candle Warmer Lamp with Timer, Birthday Gifts for Women Home Decor | 24h Cycle Timer Dimmable Wax Melt Warmer with 2 Bulbs, Fall Decor for Home Living Room Halloween Decorations Gifts for Mom",GODONLIF,1832629,https://www.amazon.com/GODONLIF-Candle-Adjustable-Dimmable-Candles/dp/B0CTJGJL2T,https://m.media-amazon.com/images/I/41Ahz+ihkiL,USD,17.99,21.99,18.0,18% off,BEST_DEAL,AVAILABLE,12a4b0bc,,,,,,,gl_home,LAMP,"1055398,1063498",True,False,bubble:deals-collection-cml,18.0,4.0,,False,$10–25,10–20%,,10.8,2026-09-16 23:25:19.134315+00:00
B0CVDZ7WYW,"Amazon Fire HD 8 tablet (newest model), 8” HD Display, 4GB memory, 64GB, responsive and vibrant, designed for portable entertainment, Black",Amazon,323125,https://www.amazon.com/Amazon-responsive-designed-portable-entertainment/dp/B0CVDZ7WYW,https://m.media-amazon.com/images/I/41f+Hss7JKL,USD,,,,,,,,,,,,,,gl_digital_text_2,AMAZON_TABLET,"16333372011,541966,172282,493964,16333373011",True,False,bubble:deals-collection-cml,,,,False,,,,0.0,2026-09-16 23:25:19.134315+00:00
B07WZVX3L1,"Vital Vitamins Multi Collagen Peptides Complex for Women & Men, 150 Pills | Supports Skin, Hair & Nails, 5 Collagen Types I II III V & X, Grass-Fed Non-GMO Collagen Supplements",Vital Vitamins,416031,https://www.amazon.com/Vital-Vitamins-Multi-Collagen-Complex/dp/B07WZVX3L1,https://m.media-amazon.com/images/I/41sKfSnRL6L,USD,,,,,,,,,,,,,,gl_drugstore,NUTRITIONAL_SUPPLEMENT,"3760901,3760931",True,False,bubble:deals-collection-cml,,,,False,,,,0.0,2026-09-16 23:25:19.134315+00:00
B0CNY1F31S,"Chefman Air Fryer – 4 QT Compact Airfryer for Quick & Easy Meals in Minutes, Features Hi-Fry Technology for Extra Crisp, Touchscreen Controls with 4 Presets, Nonstick & Dishwasher Safe Basket - Black",Chefman,216074,https://www.amazon.com/Chefman-Air-Fryer-Technology-Touchscreen/dp/B0CNY1F31S,https://m.media-amazon.com/images/I/41sufOtQorL,USD,57.92,99.99,42.0,42% off,BEST_DEAL,AVAILABLE,ee7686d8,,,,,,,gl_kitchen,AIR_FRYER,"1055398,1063498,284507",True,False,bubble:deals-collection-cml,42.0,42.07,,False,$50–100,40–50%,,25.2,2026-09-16 23:25:19.134315+00:00
B0CVSK43ZH,"Curly Hair Shampoo and Conditioner Set - For Defining Wavy, Permed, Frizzy, Fine and Black Curls - Moisturizing, Sulfate Free Formula for Women and Men - Products are Safe for Color Treated Locks",BELLISSO,490036,https://www.amazon.com/Curly-Hair-Shampoo-Conditioner-Set/dp/B0CVSK43ZH,https://m.media-amazon.com/images/I/41hlOqUlvfL,USD,,,,,,,,,,,,,,gl_beauty,HAIR_CLEANER_CONDITIONER,"11055981,3760911",True,False,bubble:deals-collection-cml,,,,False,,,,0.0,2026-09-16 23:25:19.134315+00:00
B0DPVZBDMN,"PRETTYGARDEN 2026 Blazers for Women Business Casual | Long Sleeve Button Down, Breasted Notch Lapel, Open Front Suit Jacket, Dressy Work Blazer With Pockets, Winter Fall Outfits",PRETTYGARDEN,331302,https://www.amazon.com/PRETTYGARDEN-Blazers-Business-Pockets-X-Large/dp/B0DPVZBDMN,https://m.media-amazon.com/images/I/4105GBMSZ3L,USD,39.08,49.99,22.0,22% off,LIGHTNING_DEAL,AVAILABLE,ba9b291a,7.0,2026-09-17 00:50:00+00:00,,,,,gl_apparel,BLAZER,"1040660,7141123011,7141124011,7147440011",True,False,bubble:deals-collection-cml,22.0,10.91,1.4,True,$25–50,20–30%,,13.2,2026-09-16 23:25:19.134315+00:00
B07S98411N,"Ninja Fresh Brew Coffee Maker, 12 Cup Glass Carafe, Stainless Steel, CE251 | Programmable, Classic & Rich brew, 70-oz. Removable Water Reservoir, Small Batch, 24-hr Delay Brew, Adjustable Warming Plate",Ninja,391646,https://www.amazon.com/Ninja-12-Cup-Programmable-CE251-Stainless/dp/B07S98411N,https://m.media-amazon.com/images/I/41SOX63H-GL,USD,69.99,89.99,22.0,22% off,BEST_DEAL,AVAILABLE,1ae82e42,,,,,,,gl_kitchen,COFFEE_MAKER,"1055398,1063498,284507",True,False,bubble:deals-collection-cml,22.0,20.0,,False,$50–100,20–30%,,13.2,2026-09-16 23:25:19.134315+00:00
B0CFGVDC72,"OLANLY Bathroom Rugs 30x20, Extra Soft Absorbent Chenille Bath Rugs | Light Grey, Quick-Drying Rubber Backing, Machine Washable Bath Mat for Bathroom Floor, Tub and Shower, Home Decor Accessories",OLANLY,721444,https://www.amazon.com/OLANLY-Bathroom-Absorbent-Chenille-Non-Slip/dp/B0CFGVDC72,https://m.media-amazon.com/images/I/61njfvSujML,USD,22.49,24.99,10.0,10% off,BEST_DEAL,AVAILABLE,20f17d18,,,,,,,gl_home,RUG,"1055398,1063498",True,False,bubble:deals-collection-cml,10.0,2.5,,False,$10–25,0–10%,,6.0,2026-09-16 23:25:19.134315+00:00
B0D4M3VDCB,COOFANDY Mens Casual Blazer Knit Sport Coat Lightweight Two Button Suit Jacket,COOFANDY,187499,https://www.amazon.com/COOFANDY-Casual-Blazer-Lightweight-Champagne/dp/B0D4M3VDCB,https://m.media-amazon.com/images/I/41+s+h8tO1L,USD,52.48,69.99,25.0,25% off,BEST_DEAL,AVAILABLE,1c16213c,,,,,,,gl_apparel,BLAZER,"1040658,7141123011,7141124011,7147441011",True,False,bubble:deals-collection-cml,25.0,17.51,,False,$50–100,20–30%,,15.0,2026-09-16 23:25:19.134315+00:00
B0H1HRQ1G6,"CZWZ 18Pcs Multicolor Pens in One 6-in-1 Cute Pens Bulk for Kids, Ballpoint Pen for Birthdays and Children's Parties, Fun Gifts Assorted Ink Kawaii Pen(Style 1)",CZWZ,5915400,https://www.amazon.com/CZWZ-Multicolor-Ballpoint-Birthdays-Childrens/dp/B0H1HRQ1G6,https://m.media-amazon.com/images/I/51p6H89M1WL,USD,14.98,22.99,35.0,35% off,BEST_DEAL,AVAILABLE,5205ce77,,,,,,,gl_office_product,WRITING_INSTRUMENT,"165793011,165795011",True,False,bubble:toys-games,35.0,8.01,,False,$10–25,30–40%,,21.0,2026-09-16 23:25:19.134315+00:00
B0G3P428LL,"160 Pcs Fidget Toys Party Favors Pack, Randomly Selected Pop Sensory Set Gifts Stickers for Kids Adults Boy Girl Stocking Stuffers Autistic Bulk Goodie Bag Filler Treasure Box Classroom Prizes School",TwCare,964215,https://www.amazon.com/Randomly-Selected-Stickers-Stocking-Classroom/dp/B0G3P428LL,https://m.media-amazon.com/images/I/61y7LWJ4SlL,USD,9.99,12.99,23.0,23% off,BEST_DEAL,AVAILABLE,e6ce2acd,,,,,,,gl_toy,FIDGET_TOY,"165793011,165795011",True,False,bubble:toys-games,23.0,3.0,,False,<$10,20–30%,,13.8,2026-09-16 23:25:19.134315+00:00
B0DB4WXZ36,"First Ride On Ford Bronco 24V Ride on Toys for Boys & Girls, 2 Seater Kids Electric Car with Remote Control, Kids Ride on Truck with Rear Wheels Suspension, Led Lights, Safety Belt (24V, Red)",First Ride On,15529081,https://www.amazon.com/First-Ride-Electric-Control-Suspension/dp/B0DB4WXZ36,https://m.media-amazon.com/images/I/51DVKTu1oaL,USD,,,,,,,,,,,,,,gl_toy,RIDE_ON_TOY,"165793011,165795011",True,False,bubble:toys-games,,,,False,,,,0.0,2026-09-16 23:25:19.134315+00:00
B0GT16T874,"3Pcs Taba Squishies Fidget Toys, Stress Balls for Kids and Adults, Squishies Stress Cube, Sensory Toys for Kids with Autism, Fidgets for Classroom Prize, Birthday Gifts Party Favors(Random Color)",Tylices,6841585,https://www.amazon.com/Squishies-Sensory-Fidgets-Classroom-Birthday/dp/B0GT16T874,https://m.media-amazon.com/images/I/51u+SjYL7DL,USD,15.28,16.98,10.0,10% off,BEST_DEAL,AVAILABLE,027bfb4a,,,,,,,gl_toy,SQUEEZE_TOY,"165793011,165795011",True,False,bubble:toys-games,10.0,1.7,,False,$10–25,0–10%,,6.0,2026-09-16 23:25:19.134315+00:00
B0G13KW3L8,"Marllifenney American Mahjong Tile Set,166 White Tiles Mahjong Set,4 Colors Mahjong Racks,Travel Mahjong Set with Blue Carrying Bag",Marllifenney,17963162,https://www.amazon.com/Marllifenney-American-Mahjong-Colors-Carrying/dp/B0G13KW3L8,https://m.media-amazon.com/images/I/4107THmts9L,USD,68.39,79.99,15.0,15% off,BEST_DEAL,AVAILABLE,464545b3,,,,,,,gl_toy,TABLETOP_GAME,"165793011,165795011",True,False,bubble:toys-games,15.0,11.6,,False,$50–100,10–20%,,9.0,2026-09-16 23:25:19.134315+00:00
B0D2RC1L77,"GUSTARIA American Mahjong Game Set, 166 White Tiles, 4 All-in-One Color Rack/Pushers, Complete Mahjong Tile Set Red Printed Carrying Bag",GUSTARIA,804008,https://www.amazon.com/GUSTARIA-American-Mahjong-Complete-Carrying/dp/B0D2RC1L77,https://m.media-amazon.com/images/I/51rgHcPLLSL,USD,71.64,89.79,20.0,20% off,BEST_DEAL,AVAILABLE,c3f0a3fc,,,,,,,gl_toy,TABLETOP_GAME,"165793011,165795011",True,False,bubble:toys-games,20.0,18.15,,False,$50–100,10–20%,,12.0,2026-09-16 23:25:19.134315+00:00
B0CRXCSLTX,"Pushpeel Sensory Activity Board: Silicone Fidget Toy for Calming, Stress, Anxiety, ADHD & Autism | Silent, No Mess | Kids 3+ & Adults | Includes Portable Travel Bag & 11 Strings",Pushpeel,6505715,https://www.amazon.com/Pushpeel-Sensory-Activity-Board-Silicone/dp/B0CRXCSLTX,https://m.media-amazon.com/images/I/41NCf6Y-3yL,USD,19.98,24.99,20.0,20% off,BEST_DEAL,AVAILABLE,d9cde22b,,,,,,,gl_toy,FIDGET_TOY,"165793011,165795011",True,False,bubble:toys-games,20.0,5.01,,False,$10–25,10–20%,,12.0,2026-09-16 23:25:19.134315+00:00
B0CMTYVSQL,"Mr.Pang LED Light Up Mask with Gesture Sensing, Kids Toys Gifts for Boys | Face-transforming Halloween Costume Mask, 50 Patterns, Gifts for Halloween Christmas Birthday Cosplay Party, Fit Kids Adults",Mr.Pang,2149391,https://www.amazon.com/Mr-Pang-Gesture-Transforming-Christmas-Birthday/dp/B0CMTYVSQL,https://m.media-amazon.com/images/I/51S9FEttOpL,USD,,,,,,,,,,,,,,gl_toy,COSTUME_MASK,"165793011,165795011",False,False,bubble:toys-games,,,,False,,,,0.0,2026-09-16 23:25:19.134315+00:00
B0DZ6QKXWH,"Fidget Toys, 120 Pack Party Favors for Kids 8-12 4-8, Sensory Toys Bulk Autism Autistic, Treasure Box Toys for Classroom, Stocking Stuffers, Goodie Bag Stuffers, Christmas Birthday Gifts Prizes",VNAMO,1855039,https://www.amazon.com/Autistic-Treasure-Classroom-Stocking-Christmas/dp/B0DZ6QKXWH,https://m.media-amazon.com/images/I/61N3kZnZIGL,USD,14.39,15.99,10.0,10% off,BEST_DEAL,AVAILABLE,cbbd7327,,,,,,,gl_toy,FIDGET_TOY,"165793011,165795011",True,False,bubble:toys-games,10.0,1.6,,False,$10–25,0–10%,,6.0,2026-09-16 23:25:19.134315+00:00
B09BC6TWCX,"Hamdol RC Stunt Car for Kids Ages 6–12, 360° Rotating Remote Control Car with LED Lights, 4WD Electric Toy Vehicle, USB Rechargeable, Perfect Birthday, Holiday for Boys & Girls",Hamdol,651802,https://www.amazon.com/Hamdol-360%C2%B0Rotating-Headlights-Electric-Rechargeable/dp/B09BC6TWCX,https://m.media-amazon.com/images/I/51hbLK7hHEL,USD,22.99,33.99,32.0,32% off,BEST_DEAL,AVAILABLE,6915e04d,,,,,,,gl_toy,NON_RIDING_TOY_VEHICLE,"165793011,165795011",True,False,bubble:toys-games,32.0,11.0,,False,$10–25,30–40%,,19.2,2026-09-16 23:25:19.134315+00:00
B0GVS3BXQK,"Tibberly Axolotl Squishy Stress Ball, Cute Soft Slow Rising Squishy Toy, Calming Fidget Squeeze Toy Sensory Toy for Stress Relief Kids Adults",Tibberly,21896875,https://www.amazon.com/Tibberly-Axolotl-Squishy-Calming-Squeeze/dp/B0GVS3BXQK,https://m.media-amazon.com/images/I/51xPxV-SWYL,USD,5.09,6.49,22.0,22% off,LIGHTNING_DEAL,AVAILABLE,f13d7691,73.0,2026-09-17 02:20:00+00:00,,,,,gl_toy,SQUEEZE_TOY,"165793011,165795011",True,False,bubble:toys-games,22.0,1.4,2.9,True,<$10,20–30%,,13.2,2026-09-16 23:25:19.134315+00:00
B0D2GY39LB,"Dopyye 100 PCS Magnetic Building Tiles, Magnetic Block for Kids | Magnet Tiles STEM Educational Stacking Toys Gift with Storage Bag for Toddler Ages 3 4 5 6 7 8 9",Dopyye,12090446,https://www.amazon.com/Dopyye-Magnetic-Building-Educational-Stacking/dp/B0D2GY39LB,https://m.media-amazon.com/images/I/51AtdbjifkL,USD,26.99,35.99,25.0,25% off,BEST_DEAL,AVAILABLE,f0027473,,,,,,,gl_toy,TOY_BUILDING_BLOCK,"165793011,165795011",False,False,bubble:toys-games,25.0,9.0,,False,$25–50,20–30%,,15.0,2026-09-16 23:25:19.134315+00:00
B0G6DBHGWQ,"AtoRock A1 Pro Brushless Rock Tumbler Kit - Double Barrel for Large 8LB Capacity, Adjustable Speed & Timer, Durable Metal Base for Adults & Rock Collectors – Includes Full Accessories",AtoRock,18407114,https://www.amazon.com/AtoRock-A1-Pro-Brushless-Tumbler/dp/B0G6DBHGWQ,https://m.media-amazon.com/images/I/51EIkzcqJYL,USD,159.96,199.99,20.0,20% off,BEST_DEAL,AVAILABLE,0e127430,,,,,,,gl_toy,TOYS_AND_GAMES,"165793011,165795011",True,False,bubble:toys-games,20.0,40.03,,False,$100–250,10–20%,,12.0,2026-09-16 23:25:19.134315+00:00
B0DF2V6NHW,LIMIROLER Princess Dress Up Clothes for Little Girl Role Play Costume Gift Set Princess Dress Up Toys for Toddler Girls,LIMIROLER,1216193,https://www.amazon.com/LIMIROLER-Princess-Clothes-Birthday-Christmas/dp/B0DF2V6NHW,https://m.media-amazon.com/images/I/51TymZoBHjL,USD,28.55,33.99,16.0,16% off,BEST_DEAL,AVAILABLE,2903fa91,,,,,,,gl_toy,COSTUME_OUTFIT,"165793011,165795011",True,False,bubble:toys-games,16.0,5.44,,False,$25–50,10–20%,,9.6,2026-09-16 23:25:19.134315+00:00
B0FR47VYKH,"Magneverse 20Pcs Magnetic Action Figures Playset - Magnetic Building Blocks | Magnet Cubes and Rotatable Figures Character Toys for Kids, Birthday Gifts for Boys & Girls Ages 6+ (Patent Pending)",Magneverse,16807167,https://www.amazon.com/Pcs-Magnetic-Action-Figures-Playset/dp/B0FR47VYKH,https://m.media-amazon.com/images/I/51p8Pc0B6HL,USD,25.19,34.98,28.0,28% off,BEST_DEAL,AVAILABLE,0c919b84,,,,,,,gl_toy,TOY_BUILDING_BLOCK,"165793011,165795011",True,False,bubble:toys-games,28.0,9.79,,False,$25–50,20–30%,,16.8,2026-09-16 23:25:19.134315+00:00
B083BCTLP5,Bravokids 10 Inch LCD Writing Tablet for 3-8 Year Olds - Electronic Drawing Pad and Doodle Board as Educational Birthday Gifts for Girls and Boys (Pink),bravokids,984146,https://www.amazon.com/Bravokids-Writing-Electronic-Educational-Birthday/dp/B083BCTLP5,https://m.media-amazon.com/images/I/51v6gCd9QrL,USD,14.99,19.99,25.0,25% off,BEST_DEAL,AVAILABLE,546617b0,,,,,,,gl_toy,WRITING_BOARD,"165793011,165795011",True,False,bubble:toys-games,25.0,5.0,,False,$10–25,20–30%,,15.0,2026-09-16 23:25:19.134315+00:00
B0GSZXK55W,Slow Rising Squishy Butter Squeeze Toys Pack Sensory Stress Relief Squishies Soft & Stretchy Fidget Toys for Anxiety Relief Party Favors Squishy Butter (1pc),,21078914,https://www.amazon.com/Slow-Rising-Squishy-Butter-Squishies/dp/B0GSZXK55W,https://m.media-amazon.com/images/I/31HTbS5COVL,USD,6.99,7.98,12.0,12% off,BEST_DEAL,AVAILABLE,462af978,,,,,,,gl_toy,SQUEEZE_TOY,"165793011,165795011",True,False,bubble:toys-games,12.0,0.99,,False,<$10,10–20%,,7.2,2026-09-16 23:25:19.134315+00:00
B0H7SC9XV1,"Mercedes-Benz G63 Kids Ride On Car, 12V Toddler Electric Car with Remote | Licensed Mercedes G Wagon, parental remote control, durable body, LED lights, music, upgraded motors and soft start safety",TOPLIX,19985404,https://www.amazon.com/Mercedes-Benz-Kids-Toddler-Electric-Remote/dp/B0H7SC9XV1,https://m.media-amazon.com/images/I/41o8MWb3IVL,USD,,,,,,,,,,,,,,gl_toy,RIDE_ON_TOY,"165793011,165795011",True,False,bubble:toys-games,,,,False,,,,0.0,2026-09-16 23:25:19.134315+00:00
B085NDX8Y2,"TEKFUN LCD Writing Tablet for Kids, 10-inch Coloring Drawing Pad, Mess Free Doodle Board, Airplane Travel Toys for Boys and Toddlers, Road Trip Essentials, Gifts for 3 4 5 6 7 8 Year Old Girls (Pink)",TEKFUN,456361,https://www.amazon.com/TEKFUN-Writing-Tablet-Colorful-Drawing/dp/B085NDX8Y2,https://m.media-amazon.com/images/I/51oJxvDqwyL,USD,14.98,21.99,32.0,32% off,BEST_DEAL,AVAILABLE,106613c3,,,,,,,gl_pc,WRITING_BOARD,"165793011,165795011",True,False,bubble:toys-games,32.0,7.01,,False,$10–25,30–40%,,19.2,2026-09-16 23:25:19.134315+00:00
B09BW36FW6,"Kinetic Sand 6lb Mega Mixin' Bag Amazon Exclusive, Sensory Toys, Ages 3+ | 2lbs each of Red, Yellow & Blue Play Sand, Mix Primary Colors to Learn, Creative Open-Ended Play, Birthday Gifts for Kids",Kinetic Sand,250383,https://www.amazon.com/Kinetic-Sand-Online-Exclusive-Sensory/dp/B09BW36FW6,https://m.media-amazon.com/images/I/51zorDKTReL,USD,47.39,,,,,,,,,,,,,gl_toy,ART_CRAFT_KIT,"165793011,165795011",False,False,bubble:toys-games,,,,False,$25–50,,,0.0,2026-09-16 23:25:19.134315+00:00
B0FNVXSF43,"SHJADE Foam Ball Pit, 35.4""x 11.8"" Ball Pits for Toddlers-Blue | Soft Memory Sponge Round Playpen Ball Pool for Kids, Ideal Gift for Babies, Indoor and Outdoor Game, Balls not Included",SHJADE,2150894,https://www.amazon.com/SHJADE-Toddlers-Round-Indoor-Outdoor/dp/B0FNVXSF43,https://m.media-amazon.com/images/I/31RDrZLkc-L,USD,42.99,49.99,14.0,14% off,BEST_DEAL,AVAILABLE,0ee2c1f4,,,,,,,gl_toy,TOYS_AND_GAMES,"165793011,165795011",True,False,bubble:toys-games,14.0,7.0,,False,$25–50,10–20%,,8.4,2026-09-16 23:25:19.134315+00:00
B0CNXZC42N,"Princess Dress Up & Jewelry Set, Pretend Play Toy, B-day Gift for Girl 3+ | Costumes Set incl Color Skirts, Shoes, Crowns, Accessories, Girls Role Play Gift for Girl Toddler ​B-Day Party Favors",,916488,https://www.amazon.com/LJZJ-Princess-Dress-Jewelry-Boutique/dp/B0CNXZC42N,https://m.media-amazon.com/images/I/51zMseUK2sL,USD,25.49,29.99,15.0,15% off,LIGHTNING_DEAL,AVAILABLE,688e4b75,15.0,2026-09-17 05:35:00+00:00,,,,,gl_toy,COSTUME_OUTFIT,"165793011,165795011",True,False,bubble:toys-games,15.0,4.5,6.2,True,$25–50,10–20%,,9.0,2026-09-16 23:25:19.134315+00:00
B0B7NJSLS6,Smasiagon Magnetic Drawing Board for Kids - Toddler Toys for Age 1-2 Boys Girls - Educational Learning Toys for 1 2 3 Year Old Baby Birthday Gifts (Blue),Smasiagon,1537713,https://www.amazon.com/Smasiagon-Magnetic-Educational-Learning-Christmas/dp/B0B7NJSLS6,https://m.media-amazon.com/images/I/41c08A5O4PL,USD,22.38,27.99,20.0,20% off,BEST_DEAL,AVAILABLE,2c26563e,,,,,,,gl_toy,TOYS_AND_GAMES,"165793011,165795011",True,False,bubble:toys-games,20.0,5.61,,False,$10–25,10–20%,,12.0,2026-09-16 23:25:19.134315+00:00
B0FXX575KP,"Video Walkie Talkies for Kids, Handheld 2 Pack Rechargeable Video Walkies Talkies, Indoor Outdoor Toys Christmas Birthday Gifts for Age 3-12 Year Old Girls Boys (Blue & Pink)",,2132668,https://www.amazon.com/Talkies-Handheld-Rechargeable-Christmas-Birthday/dp/B0FXX575KP,https://m.media-amazon.com/images/I/41xKa3PEKPL,USD,,,,,,,,,,,,,,gl_toy,TWO_WAY_RADIO,"165793011,165795011",True,False,bubble:toys-games,,,,False,,,,0.0,2026-09-16 23:25:19.134315+00:00
B0HGQYYGR8,"Android 16 Kids Tablet HD 10 Inch with Stylus & Case, 24GB RAM 64GB ROM 1TB | Electronics Tablets for Kids Toddler, Parental Control & Kids Space, 6000mAh, WiFi 6, BT 5.4, 2*Camera, Gifts for Kids - Pink",,18679869,https://www.amazon.com/Android-Kids-Tablet-Inch-Stylus/dp/B0HGQYYGR8,https://m.media-amazon.com/images/I/51V+7a+ioZL,USD,89.99,149.99,40.0,40% off,BEST_DEAL,AVAILABLE,2b88e005,,,,,,,gl_pc,TABLET_COMPUTER,"165793011,165795011",True,False,bubble:toys-games,40.0,60.0,,False,$50–100,30–40%,,24.0,2026-09-16 23:25:19.134315+00:00
B0BLH6WQQ7,"FNJO Magnetic Tiles, 110PCS Magnet Building Blocks STEM Toy for Kids | Magnet Building Set, Construction Learning Play, Montessori Preschool, Boys Girls",FNJO,1952867,https://www.amazon.com/FNJO-Magnetic-110PCS-Building-Construction/dp/B0BLH6WQQ7,https://m.media-amazon.com/images/I/515VmQHwhxL,USD,28.49,35.99,21.0,21% off,BEST_DEAL,AVAILABLE,37b438fd,,,,,,,gl_toy,TOY_BUILDING_BLOCK,"165793011,165795011",True,False,bubble:toys-games,21.0,7.5,,False,$25–50,20–30%,,12.6,2026-09-16 23:25:19.134315+00:00
B0B2RF8T4G,"FNJO Magnetic Tiles, 100PCS STEM Building Blocks Toy Set for Kids | Preschool Kindergarten, Construction Stacking, School Teacher Supplies, Classroom Must Haves, Magnet Toys",FNJO,1952867,https://www.amazon.com/FNJO-Preschool-Kindergarten-Construction-Classroom/dp/B0B2RF8T4G,https://m.media-amazon.com/images/I/51v9pE1FqkL,USD,28.49,35.99,21.0,21% off,BEST_DEAL,AVAILABLE,8f21e79a,,,,,,,gl_toy,TOY_BUILDING_BLOCK,"165793011,165795011",True,False,bubble:toys-games,21.0,7.5,,False,$25–50,20–30%,,12.6,2026-09-16 23:25:19.134315+00:00
B0D5CSSY6Q,"BLUEJAY Transform RC Cars for Boys 3-12, 2.4Ghz Remote Control Car | 1:18 Scale Transforming Robot, One-Button Deformation 360° Rotation Car Toy Gifts for Boys",BLUEJAY,912738,https://www.amazon.com/BLUEJAY-Transform-2-4Ghz-Remote-Control/dp/B0D5CSSY6Q,https://m.media-amazon.com/images/I/51tlyQdIR4L,USD,,,,,,,,,,,,,,gl_toy,NON_RIDING_TOY_VEHICLE,"165793011,165795011",True,False,bubble:toys-games,,,,False,,,,0.0,2026-09-16 23:25:19.134315+00:00
B0GD5PYHZ1,"Pink Purple DIY Fabric Flower Bouquet Kit, Educational Toy Gift Girls 4+ | Flowers Market Toy for Kids, Build Your Flower Bouquet, Arts & Crafts for 4+ Year Toddler Girl",Toyly,965002,https://www.amazon.com/Fabric-Flower-Bouquets-Toys-Craft/dp/B0GD5PYHZ1,https://m.media-amazon.com/images/I/51fNc5HcvZL,USD,20.98,24.99,16.0,16% off,BEST_DEAL,AVAILABLE,13fa9fd0,,,,,,,gl_toy,ART_CRAFT_KIT,"165793011,165795011",True,False,bubble:toys-games,16.0,4.01,,False,$10–25,10–20%,,9.6,2026-09-16 23:25:19.134315+00:00
B07XTKJXPT,"Smartivity Robotic Mechanical Hand STEM Toy for Kids 8-14 | Parents' Choice Award Winner | Superhero STEM Toy | Birthday Gift for Boys & Girls Ages 8,9,10,11,12,13,14",Smartivity,466373,https://www.amazon.com/Smartivity-Robotic-Mechanical-Hand-STEM/dp/B07XTKJXPT,https://m.media-amazon.com/images/I/51N+lqkUUmL,USD,25.26,29.99,16.0,16% off,BEST_DEAL,AVAILABLE,d085c214,,,,,,,gl_toy,SCIENCE_FUNDAMENTALS_KIT,"165793011,165795011",False,False,bubble:toys-games,16.0,4.73,,False,$25–50,10–20%,,9.6,2026-09-16 23:25:19.134315+00:00
B0FHHLXV4Z,"Bedsure Soft Coral Pink Throw Blanket for Couch Decor Gifts 50""x60"" | Birthday Gifts for Women Her Teenage Girls Sister Trendy Stuff, Cozy Fluffy Christmas Throw Blanket Sofa, Room Home Decor",Bedsure,110524,https://www.amazon.com/Bedsure-GentleSoft-Throw-Blanket-Couch/dp/B0FHHLXV4Z,https://m.media-amazon.com/images/I/514pndeWXFL,USD,19.79,21.99,10.0,10% off,BEST_DEAL,AVAILABLE,d28806c9,,,,,,,gl_home,BLANKET,"1055398,1063498",True,False,bubble:deals-collection-strawberry-milk,10.0,2.2,,False,$10–25,0–10%,,6.0,2026-09-16 23:25:19.134315+00:00
B07C1Y927K,"Bedsure GentleSoft Fleece Blanket Twin Size Pink - 300GSM Lightweight Plush Fuzzy Cozy Soft Valentines Blanket for Bed, Sofa, Couch, Travel, Camping, 60x80 inches",Bedsure,110524,https://www.amazon.com/Bedsure-Fleece-Blanket-Lightweight-Microfiber/dp/B07C1Y927K,https://m.media-amazon.com/images/I/4146uVKhWfL,USD,22.49,24.99,10.0,10% off,BEST_DEAL,AVAILABLE,cb794d47,,,,,,,gl_home,BLANKET,"1055398,1063498",True,False,bubble:deals-collection-strawberry-milk,10.0,2.5,,False,$10–25,0–10%,,6.0,2026-09-16 23:25:19.134315+00:00
B0FN3GMVN6,"PRETTYGARDEN 2 Piece Lounge Sets for Women Matching Sweatsuits | Oversized Hoodies & Baggy Wide Leg Sweatpants,Casual Sweat Set,Workout Tracksuit,Airport Travel Outfits,Fashion Fall Clothes",PRETTYGARDEN,331302,https://www.amazon.com/PRETTYGARDEN-Womens-Sweatsuits-Sweatpants-Tracksuit/dp/B0FN3GMVN6,https://m.media-amazon.com/images/I/31dWIhBXi9L,USD,37.99,49.99,24.0,24% off,LIGHTNING_DEAL,AVAILABLE,fd2a0a41,5.0,2026-09-17 06:05:00+00:00,,,,,gl_apparel,TRACK_SUIT,"1040660,7141123011,7141124011,7147440011",True,False,bubble:deals-collection-strawberry-milk,24.0,12.0,6.7,True,$25–50,20–30%,,14.4,2026-09-16 23:25:19.134315+00:00
B07HF379GF,"Bedsure GentleSoft Sherpa Fleece Throw Blanket for Couch, Non-Heated, Thick and Warm Throw Gifts for Women and Girls, Soft Fuzzy Plush Fluffy Blanket for Winter, Room Home Decor, Pink, 50x60 Inches",Bedsure,110524,https://www.amazon.com/Bedsure-Sherpa-Fleece-Blanket-Microfiber/dp/B07HF379GF,https://m.media-amazon.com/images/I/414aLmhmArL,USD,20.49,34.99,41.0,41% off,BEST_DEAL,AVAILABLE,6cddd93f,,,,,,,gl_home,BLANKET,"1055398,1063498",True,False,bubble:deals-collection-strawberry-milk,41.0,14.5,,False,$10–25,40–50%,,24.6,2026-09-16 23:25:19.134315+00:00
B09JP3YL8N,"EverFoams Women’s Soft Curly Slippers Memory Foam Lightweight House Shoes | Birthday Gift, Machine Washable, Wool-like, Warm Polar Fleece Lining, Anti-slip Sole, Indoor Cozy Loafer, Fall Slippers",EverFoams,416459,https://www.amazon.com/EverFoam-Womens-Slippers-Memory-Lightweight/dp/B09JP3YL8N,https://m.media-amazon.com/images/I/41ETj6ZO5gL,USD,,,,,,,,,,,,,,gl_shoes,SLIPPER,"679337011,7141123011,7141124011,7147440011",True,False,bubble:deals-collection-strawberry-milk,,,,False,,,,0.0,2026-09-16 23:25:19.134315+00:00
B08DXSY6LM,"Snug Leaves Women's Fuzzy Scuff Slippers Memory Foam Non-slip House Shoes | Plush Faux Fur, Effortless Slip-on, Pillow Soft Cushion, Anti-slip TPR Sole, Diverse Shades, Machine‑washable",Snug Leaves,375042,https://www.amazon.com/Snug-Leaves-Slippers-Bedroom-Anti-Slip/dp/B08DXSY6LM,https://m.media-amazon.com/images/I/41+JueoaRZL,USD,,,,,,,,,,,,,,gl_shoes,SLIPPER,"679337011,7141123011,7141124011,7147440011",True,False,bubble:deals-collection-strawberry-milk,,,,False,,,,0.0,2026-09-16 23:25:19.134315+00:00
B0G4GCBJ9C,"LILLUSORY Womens Lightweight Cardigan Cropped Knit Fall Cute Sweaters 2026 | Office to Brunch,Travel Essential,Drop Shoulder,Button Front,Versatile Chic,Winter Warm Coat",LILLUSORY,487319,https://www.amazon.com/LILLUSORY-Cropped-Cardigan-Sweaters-Lightweight/dp/B0G4GCBJ9C,https://m.media-amazon.com/images/I/41fw8DCKZRL,USD,25.99,39.99,35.0,35% off,BEST_DEAL,AVAILABLE,76cdfbd0,,,,,,,gl_apparel,APPAREL,"1040660,7141123011,7141124011,7147440011",True,False,bubble:deals-collection-strawberry-milk,35.0,14.0,,False,$25–50,30–40%,,21.0,2026-09-16 23:25:19.134315+00:00
B0GTMQLSQ7,LILIE&WHITE Resin Chunky Beaded Necklace for Women Minimalistic Modern Statement Necklace Jewelry Accessories,LILIE&WHITE,216609,https://www.amazon.com/LILIE-WHITE-Chunky-Beaded-Necklace/dp/B0GTMQLSQ7,https://m.media-amazon.com/images/I/31tLbckf1CL,USD,13.76,16.99,19.0,19% off,BEST_DEAL,AVAILABLE,240c02d0,,,,,,,gl_jewelry,NECKLACE,"7141123011,7141124011,7147440011,7192394011",True,False,bubble:deals-collection-strawberry-milk,19.0,3.23,,False,$10–25,10–20%,,11.4,2026-09-16 23:25:19.134315+00:00
B0D9KB78L8,VIISHOW Women Cardigan Sweater Lightweight Open Front Long Sleeve Soft Fine Knit Casual Trendy Kimono Cardigans with Pockets,VIISHOW,86117,https://www.amazon.com/VIISHOW-Cardigan-Sweaters-Lightweight-2X-Large/dp/B0D9KB78L8,https://m.media-amazon.com/images/I/31p+zCOLvgL,USD,24.29,26.99,10.0,10% off,BEST_DEAL,AVAILABLE,74e5da49,,,,,,,gl_apparel,APPAREL,"1040660,7141123011,7141124011,7147440011",True,False,bubble:deals-collection-strawberry-milk,10.0,2.7,,False,$10–25,0–10%,,6.0,2026-09-16 23:25:19.134315+00:00
B08V56H9JQ,"ULTRAIDEAS Women's Indoor Outdoor Slipper Memory Foam | Warm fleece lining for home comfort; durable non-slip sole; machine washable; multi-layer cushion support,birthday gift",ULTRAIDEAS,229392,https://www.amazon.com/ULTRAIDEAS-Slippers-Wool-Like-Outdoor-Purplish/dp/B08V56H9JQ,https://m.media-amazon.com/images/I/51vCxZO5XvL,USD,,,,,,,,,,,,,,gl_shoes,SLIPPER,"679337011,7141123011,7141124011,7147440011",True,False,bubble:deals-collection-strawberry-milk,,,,False,,,,0.0,2026-09-16 23:25:19.134315+00:00
B0D22NVML5,"Ekouaer Womens Pajama Sets 2 Piece Pjs Short Sleeve Top and Shorts | Soft Sleepwear Round Neck Lounge Set with Pockets for Sleeping, Daily Wear",Ekouaer,259931,https://www.amazon.com/Ekouaer-Womens-Pajama-Sleepwear-Pockets/dp/B0D22NVML5,https://m.media-amazon.com/images/I/31yHuuPSa6L,USD,13.69,16.14,15.0,15% off,BEST_DEAL,AVAILABLE,0c419d12,,,,,,,gl_apparel,PAJAMAS,"1040660,7141123011,7141124011,7147440011",True,False,bubble:deals-collection-strawberry-milk,15.0,2.45,,False,$10–25,10–20%,,9.0,2026-09-16 23:25:19.134315+00:00
B0CJ54B68V,"Womens Long Sleeve Cardigan Sweaters Oversized Open Front Maxi Coat | Trendy Casual,Lapel,Knitted Coatigan,Soft Warm,Overcoat Pocket,2026 Fall Winter,Work Office,Going Out",Fazortev,1153617,https://www.amazon.com/Cardigan-Oversized-Knitted-Sweater-Overcoat/dp/B0CJ54B68V,https://m.media-amazon.com/images/I/41uYNU2tAJL,USD,35.98,49.99,28.0,28% off,BEST_DEAL,AVAILABLE,28e89c89,,,,,,,gl_apparel,SWEATER,"1040660,7141123011,7141124011,7147440011",True,False,bubble:deals-collection-strawberry-milk,28.0,14.01,,False,$25–50,20–30%,,16.8,2026-09-16 23:25:19.134315+00:00
B0F4XKYY4V,"BAGSMART Cross Body Purse, Mini Crossbody Bags for Women Travel Purse | Women's Crossbody Handbags Wallet, Puffer Shoulder Hobo Purse,RFID Blocking, Lightweight, Anti-theft, 2.4L, Water-resistant",BAGSMART,165442,https://www.amazon.com/BAGSMART-Crossbody-Shoulder-Blocking-Pink-small/dp/B0F4XKYY4V,https://m.media-amazon.com/images/I/3162S4CxZDL,USD,13.99,19.99,30.0,30% off,BEST_DEAL,AVAILABLE,78ac3c0d,,,,,,,gl_luggage,HANDBAG,"7141123011,7141124011,7147440011",True,False,bubble:deals-collection-strawberry-milk,30.0,6.0,,False,$10–25,20–30%,,18.0,2026-09-16 23:25:19.134315+00:00
B0D82DHK55,Heymoments Women's 3/4 Sleeve Kintted Shrugs Sweaters Cropped Cardigan for Dress,Heymoments,1712022,https://www.amazon.com/Heymoments-Dresses-X-Large-Lightweight-Cardigan/dp/B0D82DHK55,https://m.media-amazon.com/images/I/41yEdLLPXJL,USD,12.74,19.99,36.0,36% off,BEST_DEAL,AVAILABLE,7928627d,,,,,,,gl_apparel,APPAREL,10272111,True,False,bubble:deals-collection-strawberry-milk,36.0,7.25,,False,$10–25,30–40%,,21.6,2026-09-16 23:25:19.134315+00:00
B0D8W7PLVH,"Dokotoo Winter Fleece Jacket for Women 2026 Zipper Casual Coat with Pockets | Loose Fit,Zipper Front,Sherpa Fabric,Pockets,Cute Style,Everyday Wear,Fall Outfits for Women 2026",Dokotoo,146669,https://www.amazon.com/Dokotoo-Sleeves-Pockets-Oversized-Outerwears/dp/B0D8W7PLVH,https://m.media-amazon.com/images/I/51mB1h6Z+rL,USD,31.99,49.98,36.0,36% off,BEST_DEAL,AVAILABLE,b65de19e,,,,,,,gl_apparel,COAT,"1040660,7141123011,7141124011,7147440011",True,False,bubble:deals-collection-strawberry-milk,36.0,17.99,,False,$25–50,30–40%,,21.6,2026-09-16 23:25:19.134315+00:00
B0B2DDPZNF,"Utopia Bedding 100% Cotton Thermal Blanket Dusky Pink Twin, 90x72 Inches | Lightweight Breathable Cozy Spring Summer Blanket Home Decor Gift",Utopia Bedding,19722,https://www.amazon.com/Utopia-Bedding-100-Cotton-Blanket/dp/B0B2DDPZNF,https://m.media-amazon.com/images/I/41F6hzPWCBL,USD,,,,,,,,,,,,,,gl_home,BLANKET,"1055398,1063498",True,False,bubble:deals-collection-strawberry-milk,,,,False,,,,0.0,2026-09-16 23:25:19.134315+00:00
B0D4CDQXCC,"Imily Bela Womens Cable Short Sleeve Sweaters Tops Lapel V Neck Knit Shirt | Solid,Knit Casual,Soft Pullover,Fall Sweaters,Womens Summer Work Tops",Imily Bela,247233,https://www.amazon.com/Imily-Bela-Womens-Sweaters-Pullover/dp/B0D4CDQXCC,https://m.media-amazon.com/images/I/41W9MxaDytL,USD,19.99,30.98,35.0,35% off,BEST_DEAL,AVAILABLE,6236d5c7,,,,,,,gl_apparel,SWEATER,"1040660,7141123011,7141124011,7147440011",True,False,bubble:deals-collection-strawberry-milk,35.0,10.99,,False,$10–25,30–40%,,21.0,2026-09-16 23:25:19.134315+00:00
B0DPQMVJXX,"EVER FAITH Cubic Zirconia Pearl Leaf Bridal Jewelry Set for Bride Women | White Wedding Prom Necklace Dangle Earrings Bracelet, for Bridesmaid",EVER FAITH,49717,https://www.amazon.com/EVER-FAITH-Bridesmaid-Teardrop-Zirconia/dp/B0DPQMVJXX,https://m.media-amazon.com/images/I/31eAYFIJNEL,USD,,,,,,,,,,,,,,gl_jewelry,JEWELRY_SET,"7141123011,7141124011,7147440011,7192394011",True,False,bubble:deals-collection-strawberry-milk,,,,False,,,,0.0,2026-09-16 23:25:19.134315+00:00
B0DS1PMXSX,"BTFBM Women Midi Bodycon Tank Dress | Casual Sleeveless Crewneck Knit Pleated A Line Sweater Dresses, Wedding Guest,Cocktail,Vacation Outfits, Summer 2026",BTFBM,334588,https://www.amazon.com/BTFBM-Bodycon-Crewneck-Sleeveless-Business/dp/B0DS1PMXSX,https://m.media-amazon.com/images/I/31-tz7EDGkL,USD,,,,,,,,,,,,,,gl_apparel,DRESS,"1040660,7141123011,7141124011,7147440011",True,False,bubble:deals-collection-strawberry-milk,,,,False,,,,0.0,2026-09-16 23:25:19.134315+00:00
B0FD2V3B4L,Womens Sweaters Fall Fashion 2025 Long Sleeve Button Cuff Soft Knit Pullover Trendy Tops Dressy Casual Blouses,XIEERDUO,688161,https://www.amazon.com/XIEERDUO-Fashion-Business-Outfits-Sweaters/dp/B0FD2V3B4L,https://m.media-amazon.com/images/I/413Sf8a9OLL,USD,,,,,,,,,,,,,,gl_apparel,SWEATER,"1040660,7141123011,7141124011,7147440011",True,False,bubble:deals-collection-strawberry-milk,,,,False,,,,0.0,2026-09-16 23:25:19.134315+00:00
B0FQ5V57RQ,"HUXMEYSON Slippers for Women, Warm Memory Foam Comfy House Slippers with Anti-Skid Rubber Sole for Indoor and Outdoor",HUXMEYSON,4083534,https://www.amazon.com/HUXMEYSON-Slippers-Anti-Skid-Outdoor-Grayish/dp/B0FQ5V57RQ,https://m.media-amazon.com/images/I/31wvBqQK2XL,USD,17.99,21.99,18.0,18% off,BEST_DEAL,AVAILABLE,6e70933c,,,,,,,gl_shoes,SLIPPER,"679337011,7141123011,7141124011,7147440011",True,False,bubble:deals-collection-strawberry-milk,18.0,4.0,,False,$10–25,10–20%,,10.8,2026-09-16 23:25:19.134315+00:00
B0DMSKJ7DN,"DREAM PAIRS Women's Western Mid Calf Boots Cowboy | Square Toe Chunky Embroidered Boots, Suitable for Music Festivals and Everyday Outfits, Slip on Fashion Booties",DREAM PAIRS,25456,https://www.amazon.com/DREAM-PAIRS-Embroidery-Pink-Nubuck-DWUMMB2504/dp/B0DMSKJ7DN,https://m.media-amazon.com/images/I/315NmahD89L,USD,32.98,49.99,34.0,34% off,BEST_DEAL,AVAILABLE,d0b67dbf,,,,,,,gl_shoes,BOOT,"679337011,7141123011,7141124011,7147440011",True,False,bubble:deals-collection-strawberry-milk,34.0,17.01,,False,$25–50,30–40%,,20.4,2026-09-16 23:25:19.134315+00:00
B0FD3F83DN,XIEERDUO Sweatsuits Women 2 Piece Outfit Matching Lounge Sets Fall Outfits 2025 Fashion Clothing Crewneck Track Suits,XIEERDUO,688161,https://www.amazon.com/XIEERDUO-Sweatsuits-Loungewear-Sweatshirts-Sweatpants/dp/B0FD3F83DN,https://m.media-amazon.com/images/I/31KSDTveAeL,USD,,,,,,,,,,,,,,gl_apparel,TRACK_SUIT,"1040660,7141123011,7141124011,7147440011",True,False,bubble:deals-collection-strawberry-milk,,,,False,,,,0.0,2026-09-16 23:25:19.134315+00:00
B0DSC86668,IDEALSANXUN Womens Fall Winter Wool Coats Double Breasted Midi Peacoat Trench Coats,IDEALSANXUN,251489,https://www.amazon.com/Winter-Blazer-Jacket-Peacoat-Trench/dp/B0DSC86668,https://m.media-amazon.com/images/I/41HhB86SlSL,USD,55.97,65.98,15.0,15% off,BEST_DEAL,AVAILABLE,c3fd47f2,,,,,,,gl_apparel,COAT,"1040660,7141123011,7141124011,7147440011",True,False,bubble:deals-collection-strawberry-milk,15.0,10.01,,False,$50–100,10–20%,,9.0,2026-09-16 23:25:19.134315+00:00
B0FY5B6C32,"Athlefit Knee High Boots Square Toe Ridng Chunky Tall Boots for Women | PU/Suede, 2.01"" Block Heel Boots, 5mm Cushion, Pull On Design, Stylish for Summer Fall Fashion Daily, Motor, Concert, Travel",Athlefit,392976,https://www.amazon.com/Athlefit-Womens-Square-Riding-Booties/dp/B0FY5B6C32,https://m.media-amazon.com/images/I/31vQs1lBAvL,USD,49.97,69.99,29.0,29% off,BEST_DEAL,AVAILABLE,c360e733,,,,,,,gl_shoes,BOOT,"679337011,7141123011,7141124011,7147440011",True,False,bubble:deals-collection-strawberry-milk,29.0,20.02,,False,$25–50,20–30%,,17.4,2026-09-16 23:25:19.134315+00:00
B0CZRXPPVS,"Ekouaer Silk Pajamas for Womens Set 2 Piece Fall Pjs with Pockets | Satin Short Sleeve Sleepwear, Soft Button Down Tops/ Wide Leg Pants for Lounging, Date Nights, Honeymoon, Bridal Wedding Day",Ekouaer,259931,https://www.amazon.com/Ekouaer-Womens-Pajamas-Sleepwear-Pockets/dp/B0CZRXPPVS,https://m.media-amazon.com/images/I/31pZQcRZslL,USD,22.19,24.8,11.0,11% off,BEST_DEAL,AVAILABLE,b91b7ae8,,,,,,,gl_apparel,PAJAMAS,"1040660,7141123011,7141124011,7147440011",True,False,bubble:deals-collection-strawberry-milk,11.0,2.61,,False,$10–25,10–20%,,6.6,2026-09-16 23:25:19.134315+00:00
B0F8VBLP1W,"KOLILI Womens Faux Fur Moccasin Slippers, Indoor Outdoor Warm & Cozy House Shoes with Durable Rubber Sole",,592398,https://www.amazon.com/KOLILI-Non-slip-Slippers-Outdoor-Moccasin/dp/B0F8VBLP1W,https://m.media-amazon.com/images/I/41nYzpGzScL,USD,22.95,25.5,10.0,10% off,BEST_DEAL,AVAILABLE,e552941f,,,,,,,gl_shoes,SLIPPER,"679337011,7141123011,7141124011,7147440011",True,False,bubble:deals-collection-strawberry-milk,10.0,2.55,,False,$10–25,0–10%,,6.0,2026-09-16 23:25:19.134315+00:00
B0G2K886Y9,"GRACE KARIN Long Cardigan Sweaters for Women Business Casual Fall Outfits | Pockets, Scalloped Placket, Open Front Long Sleeve Business Casual Outfits, Knit Teacher Outfits, Lightweight Sweater Blazer",GRACE KARIN,60810,https://www.amazon.com/GRACE-KARIN-Cardigan-Lightweight-Cardigans/dp/B0G2K886Y9,https://m.media-amazon.com/images/I/31StPh2Mm7L,USD,21.67,35.99,40.0,40% off,BEST_DEAL,AVAILABLE,dc8b9cea,,,,,,,gl_apparel,SWEATER,"1040660,7141123011,7141124011,7147440011",True,False,bubble:deals-collection-strawberry-milk,40.0,14.32,,False,$10–25,30–40%,,24.0,2026-09-16 23:25:19.134315+00:00
B0BBQ62KMF,Michael Kors Women's Jet Set Large Wallet Crossbody Bag,Michael Kors,427346,https://www.amazon.com/Michael-Kors-Multifunction-Crossbody-POWDERBLUSH/dp/B0BBQ62KMF,https://m.media-amazon.com/images/I/31EC3sinPoL,USD,,,,,,,,,,,,,,gl_shoes,HANDBAG,"7141123011,7141124011,7147440011",True,False,bubble:deals-collection-strawberry-milk,,,,False,,,,0.0,2026-09-16 23:25:19.134315+00:00
B0FF34MG5W,Paisley Pashmina Rave Shawl Scarf-Women's Reversible Ethnic Jacquard Pashmina Wraps for Travel,,17629670,https://www.amazon.com/Nonakgado-Pashmina-Ethnic-Jacquard-Sy1-Pink/dp/B0FF34MG5W,https://m.media-amazon.com/images/I/41YC7okBvKL,USD,14.97,17.99,17.0,17% off,BEST_DEAL,AVAILABLE,fb95e03c,,,,,,,gl_apparel,APPAREL_HEAD_NECK_COVERING,"7141123011,7141124011,7147440011",True,False,bubble:deals-collection-strawberry-milk,17.0,3.02,,False,$10–25,10–20%,,10.2,2026-09-16 23:25:19.134315+00:00
B0FDQ3PWCX,"FNTCASE for iPhone 18 Pro-Max Case / 17 Pro Max Case Clear Fit for Magsafe | Screen Protector, Military Grade Drop Protection, Slim Magnetic Phone Cases, Shockproof Bumper, Transparent Cell Cover",FNTCASE,2184530,https://www.amazon.com/FNTCASE-iPhone-17-Pro-Max-Case/dp/B0FDQ3PWCX,https://m.media-amazon.com/images/I/41xYwG+pdFL,USD,6.29,6.99,10.0,10% off,BEST_DEAL,AVAILABLE,e9129ecd,,,,,,,gl_wireless,CELLULAR_PHONE_CASE,"2335752011,2335753011",True,False,departments:2335753011,10.0,0.7,,False,<$10,0–10%,,6.0,2026-09-16 23:25:19.134315+00:00
B0DK4VWBW4,"TOCOL for iPhone 14 Pro Screen Protector, Easy Installation | Bubble-Free, 9H+ Tempered Glass, 8FT Military Grade Shatterproof, Anti-Scratch, Case Friendly HD Clear 6.1"" 2 Pack",TOCOL,388771,https://www.amazon.com/TOCOL-iPhone-Pro-Shatterproof-Installation/dp/B0DK4VWBW4,https://m.media-amazon.com/images/I/51hUM-5tqkL,USD,8.99,9.99,10.0,10% off,BEST_DEAL,AVAILABLE,6f0986bd,,,,,,,gl_wireless,SCREEN_PROTECTOR,"2335752011,2335753011",True,False,departments:2335753011,10.0,1.0,,False,<$10,0–10%,,6.0,2026-09-16 23:25:19.134315+00:00
B0H14Q64PX,"FNTCASE for Samsung Galaxy Z Fold 8 Case, Fit for Magsafe, Hinge Protection | Screen Protector, Translucent Matte Magnetic Back, 18FT Military Grade Drop Proof, Protective Phone Cover, Black",FNTCASE,2184530,https://www.amazon.com/FNTCASE-Samsung-Galaxy-Magsafe-Protection/dp/B0H14Q64PX,https://m.media-amazon.com/images/I/41YySUMcdAL,USD,23.99,27.99,14.0,14% off,BEST_DEAL,AVAILABLE,c92c5310,,,,,,,gl_wireless,CELLULAR_PHONE_CASE,"2335752011,2335753011",True,False,departments:2335753011,14.0,4.0,,False,$10–25,10–20%,,8.4,2026-09-16 23:25:19.134315+00:00
B0DCBZ3D8F,"Miracase for iPhone 16 Case 6.1'', Full-Body Bumper Phone case with Built-in Full Glass Screen &Camera Control,No Gap,Compatible with MagSafe,Drop Proof 16 Cover,Black",Miracase,250953,https://www.amazon.com/Miracase-Full-Body-Protector-Compatible-MagSafe/dp/B0DCBZ3D8F,https://m.media-amazon.com/images/I/41BxYCJKMCL,USD,19.79,21.99,10.0,10% off,BEST_DEAL,AVAILABLE,4ccca46e,,,,,,,gl_wireless,CELLULAR_PHONE_CASE,"2335752011,2335753011",True,False,departments:2335753011,10.0,2.2,,False,$10–25,0–10%,,6.0,2026-09-16 23:25:19.134315+00:00
B0D38GBHCS,"Amazon Fire HD 8 Kids Pro tablet, ages 6-12. Bright 8"" HD screen, includes ad-free content, parental controls, 13-hr battery, slim case for older kids, 64GB, Hello Teal, (2024 release)",Amazon,323125,https://www.amazon.com/Amazon-ad-free-content-parental-controls/dp/B0D38GBHCS,https://m.media-amazon.com/images/I/31sJhZ30m9L,USD,,,,,,,,,,,,,,gl_digital_text_2,AMAZON_TABLET,"16333372011,541966,2335752011,172282,493964,16333373011,165795011,165793011,2335753011",True,False,departments:2335753011,,,,False,,,,0.0,2026-09-16 23:25:19.134315+00:00
B0FX9NYH29,"miracase for iPhone 16e case & iPhone 17e Case for MagSafe [with 2×9H+ Screen Protectors] TOP Military-Grade Protection Shockproof with Velvet Touch for iPhone 16e/17e Phone Case 6.1"", Clear",Miracase,250953,https://www.amazon.com/Miracase-iPhone-Case-Military-Grade-Clear/dp/B0FX9NYH29,https://m.media-amazon.com/images/I/41ZZenX895L,USD,22.49,24.99,10.0,10% off,BEST_DEAL,AVAILABLE,96a784ff,,,,,,,gl_wireless,CELLULAR_PHONE_CASE,"2335752011,2335753011",True,False,departments:2335753011,10.0,2.5,,False,$10–25,0–10%,,6.0,2026-09-16 23:25:19.134315+00:00
B0FHWK3W1S,"Anker Prime 25W Qi2.2-Certified Palm-Sized 3-in-1 Foldable MagSafe Charger | Travel-Ready Charging Station, AirCool Wireless Charger for iPhone 17, Apple Watch, AirPods (Adapter Included, Non-Battery)",Anker,3271,https://www.amazon.com/Anker-Compatible-Certified-Palm-Sized-Non-Battery/dp/B0FHWK3W1S,https://m.media-amazon.com/images/I/41qnkZsnHqL,USD,,,,,,,,,,,,,,gl_wireless,CHARGING_ADAPTER,"2335752011,2335753011",True,False,departments:2335753011,,,,False,,,,0.0,2026-09-16 23:25:19.134315+00:00
B0H4KQZ5NV,"TOCOL for iPhone 18 Pro Case Light Blue, Compatible with MagSafe | Built-in Magnets, Camera Control Cover, Full Camera & Military-Grade Protection Anti-Slip Slim Translucent Matte Phone Case",TOCOL,388771,https://www.amazon.com/TOCOL-iPhone-18-Pro-Compatible/dp/B0H4KQZ5NV,https://m.media-amazon.com/images/I/414uMGiu1wL,USD,15.29,16.99,10.0,10% off,BEST_DEAL,AVAILABLE,cec79421,,,,,,,gl_wireless,CELLULAR_PHONE_CASE,"2335752011,2335753011",True,False,departments:2335753011,10.0,1.7,,False,$10–25,0–10%,,6.0,2026-09-16 23:25:19.134315+00:00
B0GZTDJZVQ,"SPIDERCASE for iPhone 17 Pro Case/iPhone 18 Pro Case,Magnetic,Clear | [3 Stand Ways] Invisible Kickstand|Crystal Clear|Shockproof Slim Phone Case for iPhone 17 Pro/iPhone 18 Pro",SPIDERCASE,263441,https://www.amazon.com/SPIDERCASE-iPhone-Case-Magnetic-Clear/dp/B0GZTDJZVQ,https://m.media-amazon.com/images/I/51jass2d-OL,USD,12.99,15.29,15.0,15% off,LIGHTNING_DEAL,AVAILABLE,810762e0,45.0,2026-09-17 00:20:00+00:00,,,,,gl_wireless,CELLULAR_PHONE_CASE,"2335752011,2335753011",True,False,departments:2335753011,15.0,2.3,0.9,True,$10–25,10–20%,,9.0,2026-09-16 23:25:19.134315+00:00
B0H9XBDT9P,"UNBREAKcable 2-Pack Screen Protector for iPhone 18 Pro Tempered Glass | Military Grade Shatterproof, 9H+ Hardness, 99.99% HD Clear, Bubble-Free, Easy Installation Frame, for iPhone 18 Pro",UNBREAKcable,372853,https://www.amazon.com/UNBREAKcable-2-Pack-Screen-Protector-Tempered/dp/B0H9XBDT9P,https://m.media-amazon.com/images/I/41rk7+eIuTL,USD,14.44,16.99,15.0,15% off,BEST_DEAL,AVAILABLE,08d5cd2f,,,,,,,gl_wireless,SCREEN_PROTECTOR,"2335752011,2335753011",True,False,departments:2335753011,15.0,2.55,,False,$10–25,10–20%,,9.0,2026-09-16 23:25:19.134315+00:00
B0D38FT41H,"Amazon Fire HD 8 Kids tablet, ages 3-7 | 4GB memory, includes ad-free and exclusive content, parental controls and 13-hr battery, 64GB, Blue, (2024 release)",Amazon,323125,https://www.amazon.com/Amazon-ad-free-parental-controls-included/dp/B0D38FT41H,https://m.media-amazon.com/images/I/31m4QySdjNL,USD,,,,,,,,,,,,,,gl_digital_text_2,AMAZON_TABLET,"16333372011,541966,2335752011,172282,493964,16333373011,165795011,165793011,2335753011",True,False,departments:2335753011,,,,False,,,,0.0,2026-09-16 23:25:19.134315+00:00
B0H8DWNM17,"TORRAS for iPhone 18 Pro Case Crystal Glacier Blue, Anti-Yellowing, 6.3'' | 2026 Upgraded Non-Yellowing, Military-Grade Protection, Ultra-Slim Case for iPhone 18 Pro Phone Case, Clear Glacier Blue",TORRAS,170020,https://www.amazon.com/TORRAS-iPhone-Crystal-Glacier-Anti-Yellowing/dp/B0H8DWNM17,https://m.media-amazon.com/images/I/41bM7i1AILL,USD,14.39,15.99,10.0,10% off,BEST_DEAL,AVAILABLE,6d1138ba,,,,,,,gl_wireless,CELLULAR_PHONE_CASE,"2335752011,2335753011",True,False,departments:2335753011,10.0,1.6,,False,$10–25,0–10%,,6.0,2026-09-16 23:25:19.134315+00:00
B0FH6HYW1H,"SuydanBox Magnetic for iPhone 18 Pro Case/iPhone 17 Pro Case Silicone | Fit for MagSafe,Screen Protector,Full Camera Protection,Shockproof Protective Phone Case for iPhone 18 Pro/17 Pro Calke Green",SuydanBox,5591673,https://www.amazon.com/SuydanBox-Compatible-Protection-Shockproof-Green/dp/B0FH6HYW1H,https://m.media-amazon.com/images/I/41TyyWftMrL,USD,7.29,9.74,25.0,25% off,BEST_DEAL,AVAILABLE,d923b3e3,,,,,,,gl_wireless,CELLULAR_PHONE_CASE,"2335752011,2335753011",True,False,departments:2335753011,25.0,2.45,,False,<$10,20–30%,,15.0,2026-09-16 23:25:19.134315+00:00
B0H5WS41RM,"TORRAS 360 Magnetic Stand for iPhone 18 Pro Max Case, O3 Fitness, Burgundy | [Fit for MagSafe] [360° Rotating Kickstand] 4X Military-Grade Shockproof, Camera Button, Slim Translucent Burgundy 6.9""",TORRAS,170020,https://www.amazon.com/TORRAS-Magnetic-O3-Fitness-Burgundy/dp/B0H5WS41RM,https://m.media-amazon.com/images/I/413r3SP9WEL,USD,35.99,45.99,22.0,22% off,BEST_DEAL,AVAILABLE,77cd98a0,,,,,,,gl_wireless,CELLULAR_PHONE_CASE,"2335752011,2335753011",True,False,departments:2335753011,22.0,10.0,,False,$25–50,20–30%,,13.2,2026-09-16 23:25:19.134315+00:00
B0DN1S1YLV,"ANDERY Car Phone Holder for Magsafe [78+LBS Strongest Suction & 2400gf Strongest Magnetic] 360° Adjustable Car Phone Mount, Phone Holders for Your Car for iPhone 18-12 Pro Max Plus Air, Carbon Fiber",ANDERY,16511016,https://www.amazon.com/Magsafe-Strongest-Suction-Magnetic-Adjustable/dp/B0DN1S1YLV,https://m.media-amazon.com/images/I/41y4I4lyhVL,USD,26.98,35.99,25.0,25% off,BEST_DEAL,AVAILABLE,34aa205a,,,,,,,gl_wireless,PORTABLE_ELECTRONIC_DEVICE_MOUNT,"2335752011,2335753011",True,False,departments:2335753011,25.0,9.01,,False,$25–50,20–30%,,15.0,2026-09-16 23:25:19.134315+00:00
B0HFBP3Z56,"Temdan Magnetic for iPhone Duo Case Ultra Fold with Hidden Stand, Blue | Compatible with MagSafe, Built-in HD Screen Protector & Kickstand, Hinge Protection, Translucent Matte Shockproof Phone Cover",Temdan,356962,https://www.amazon.com/Temdan-Magnetic-iPhone-Ultra-Hidden/dp/B0HFBP3Z56,https://m.media-amazon.com/images/I/41WFYyqdldL,USD,39.99,49.99,20.0,20% off,BEST_DEAL,AVAILABLE,df3ad996,,,,,,,gl_wireless,CELLULAR_PHONE_CASE,"2335752011,2335753011",True,False,departments:2335753011,20.0,10.0,,False,$25–50,10–20%,,12.0,2026-09-16 23:25:19.134315+00:00
B0FNBPWFL7,"LISEN 4 in 1 Starlight Retractable Car Charger, 75W USB C Cigarette Adapter Fast Charging, Starlight Retractable Car Accessories for Women Mom, for iPhone 17 Pro Max Air 16 15 14 13 12",LISEN,466882,https://www.amazon.com/LISEN-Starlight-Retractable-Cigarette-Accessories/dp/B0FNBPWFL7,https://m.media-amazon.com/images/I/515fanla9IL,USD,26.98,29.98,10.0,10% off,BEST_DEAL,AVAILABLE,4123a9e0,,,,,,,gl_wireless,CHARGING_ADAPTER,"2335752011,2335753011",True,False,departments:2335753011,10.0,3.0,,False,$25–50,0–10%,,6.0,2026-09-16 23:25:19.134315+00:00
B0DKGBTVHW,"Spigen Ultra Hybrid MagFit for iPhone 17e/16e Case, Frost Black | Anti-Yellowing Resin, Air Cushion Tech, Military-Grade Drop Protection, Raised Camera Protection, Compatible with MagSafe",Spigen,2385,https://www.amazon.com/Spigen-Ultra-Hybrid-MagFit-iPhone/dp/B0DKGBTVHW,https://m.media-amazon.com/images/I/41XRwMXh76L,USD,16.19,17.99,10.0,10% off,BEST_DEAL,AVAILABLE,d3a884f2,,,,,,,gl_wireless,CELLULAR_PHONE_CASE,"2335752011,2335753011",True,False,departments:2335753011,10.0,1.8,,False,$10–25,0–10%,,6.0,2026-09-16 23:25:19.134315+00:00
B0H7VPCBGJ,Mkeke for iPhone 18 Pro Max Case Clear [Not-Yellowing] | [Military-Grade Drop Protection] Shockproof Protective Phone Bumper 2026,Mkeke,185411,https://www.amazon.com/Mkeke-iPhone-Case-Clear-Not-Yellowing/dp/B0H7VPCBGJ,https://m.media-amazon.com/images/I/41kA8nxmbUL,USD,14.98,16.99,12.0,12% off,BEST_DEAL,AVAILABLE,065c3971,,,,,,,gl_wireless,CELLULAR_PHONE_CASE,"2335752011,2335753011",True,False,departments:2335753011,12.0,2.01,,False,$10–25,10–20%,,7.2,2026-09-16 23:25:19.134315+00:00
B0CBJGMMQN,"TORRAS Magnetic Shockproof for iPhone 15 Pro Case Mil-Grade Drop Tested | Compatible with MagSafe, Shockproof Translucent Durable Slim Protective, Anti Scratch, Anti Fingerprint, Grey",TORRAS,170020,https://www.amazon.com/TORRAS-Military-Grade-Translucent-Anti-Scratch-Anti-Fingerprint/dp/B0CBJGMMQN,https://m.media-amazon.com/images/I/41B2taebmTL,USD,25.19,27.99,10.0,10% off,BEST_DEAL,AVAILABLE,d00e4eb0,,,,,,,gl_wireless,CELLULAR_PHONE_CASE,"2335752011,2335753011",True,False,departments:2335753011,10.0,2.8,,False,$25–50,0–10%,,6.0,2026-09-16 23:25:19.134315+00:00
B0H5WDWQ4B,"TORRAS Stronger Magnetic & Shockproof for iPhone 18 Pro Max Case Burgundy | Fit for MagSafe, 4X Military Grade Drop Protection, Camera Control, DIY Button, Comfortable Secure Grip, Translucent Purple",TORRAS,170020,https://www.amazon.com/TORRAS-Stronger-Magnetic-Shockproof-iPhone/dp/B0H5WDWQ4B,https://m.media-amazon.com/images/I/41TACQELH8L,USD,26.69,29.99,11.0,11% off,BEST_DEAL,AVAILABLE,216803a0,,,,,,,gl_wireless,CELLULAR_PHONE_CASE,"2335752011,2335753011",True,False,departments:2335753011,11.0,3.3,,False,$25–50,10–20%,,6.6,2026-09-16 23:25:19.134315+00:00
B0FL2H4P84,"Diaclara Magnetic Designed for iPhone 17 Pro Case 6.3'' [Full Camera Protection] Full Body Bumper,[Compatible with MagSafe] Military Drop Proof Phone Case w/Built-in Screen Protector,Orange",Diaclara,476158,https://www.amazon.com/Diaclara-Magnetic-Protection-Compatible-Protector/dp/B0FL2H4P84,https://m.media-amazon.com/images/I/51XFrBfsfmL,USD,17.99,19.99,10.0,10% off,BEST_DEAL,AVAILABLE,689c3623,,,,,,,gl_wireless,CELLULAR_PHONE_CASE,"2335752011,2335753011",True,False,departments:2335753011,10.0,2.0,,False,$10–25,0–10%,,6.0,2026-09-16 23:25:19.134315+00:00
B0FCY239B9,"ESR Classic Hybrid for iPhone 18 Pro/17 Pro Case with Flex Stand, Clear | Long-Lasting Anti-Yellowing, Camera Kickstand, Compatible with MagSafe, 4X Military-Grade Protection, Magnetic Phone Case",ESR,39118,https://www.amazon.com/ESR-iPhone-Pro-Military-Grade-Scratch-Resistant/dp/B0FCY239B9,https://m.media-amazon.com/images/I/410taBuattL,USD,21.66,29.99,28.0,28% off,BEST_DEAL,AVAILABLE,bbbf808a,,,,,,,gl_wireless,CELLULAR_PHONE_CASE,"2335752011,2335753011",True,False,departments:2335753011,28.0,8.33,,False,$10–25,20–30%,,16.8,2026-09-16 23:25:19.134315+00:00
B0F3C39M85,"jaroco Magnetic for iPhone 16 Case Heavy Duty Protection Black | Compatible with MagSafe,Military Grade Drop Protection,Translucent Matte,Non-Slip,Shockproof 2-Layer Durable Bumper Case",,1720722,https://www.amazon.com/jaroco-Compatible-Protection-Shockproof-6-1-Black/dp/B0F3C39M85,https://m.media-amazon.com/images/I/41WRm63bXhL,USD,8.99,9.99,10.0,10% off,BEST_DEAL,AVAILABLE,e512d015,,,,,,,gl_wireless,CELLULAR_PHONE_CASE,"2335752011,2335753011",True,False,departments:2335753011,10.0,1.0,,False,<$10,0–10%,,6.0,2026-09-16 23:25:19.134315+00:00
B07HGH1KG6,"BLACK+DECKER Countertop Microwave Oven, 0.7 Cu.Ft, 700W, Stainless Steel | Digital Controls, Push-Button Door, Child Safety Lock, 10 Power Levels, Removable Turntable",BLACK+DECKER,196436,https://www.amazon.com/BLACK-DECKER-EM720CB7-Microwave-Push-Button/dp/B07HGH1KG6,https://m.media-amazon.com/images/I/31oezRiYf4L,USD,79.97,95.99,17.0,17% off,BEST_DEAL,AVAILABLE,1fd6bbf6,,,,,,,gl_kitchen,MICROWAVE_OVEN,"1055398,1063498,284507",True,False,bubble:home-diy,17.0,16.02,,False,$50–100,10–20%,,10.2,2026-09-16 23:25:19.134315+00:00
B085B253MD,"DEWALT 20V MAX XR Oscillating Tool Kit with Blades, 3 Speed Cordless Brushless Multitool, Up to 20,000 OPM, LED Light, Battery and Charger Included (DCS356C1)",DEWALT,195991,https://www.amazon.com/DEWALT-Oscillating-Tool-3-Speed-DCS356C1/dp/B085B253MD,https://m.media-amazon.com/images/I/411Af+yL+BL,USD,99.0,131.51,,,,,,,,,,,,gl_tools,POWER_TOOL_SET,"228013,328182011,468240",True,False,bubble:home-diy,24.7,32.51,,False,$50–100,20–30%,,14.8,2026-09-16 23:25:19.134315+00:00
B0DPQTDXWC,"TOSHIBA Air Fryer Combo Microwave, 1.0 Cu.Ft, Black Stainless Steel | 8 in 1 with Convection & Broil, Pro Defrost, 12.4"" Turntable",TOSHIBA,331399,https://www.amazon.com/TOSHIBA-Fryer-Combo-Microwave-Stainless/dp/B0DPQTDXWC,https://m.media-amazon.com/images/I/41pB2y4Yk6L,USD,189.99,223.99,15.0,15% off,BEST_DEAL,AVAILABLE,36f369a1,,,,,,,gl_kitchen,MICROWAVE_OVEN,"1055398,1063498,284507",True,False,bubble:home-diy,15.0,34.0,,False,$100–250,10–20%,,9.0,2026-09-16 23:25:19.134315+00:00
B0DZ25Y1YR,"SUPERDANNY Extension Cord,Flat Plug Surge Protector Power Strip,15Ft | 8 AC & 4 USB Ports (2 USB C),Surge Protector with 1050J,Desk Charging Station for Home Office,College Dorm Room Essentials",SUPERDANNY,239363,https://www.amazon.com/Extension-Protector-Mountable-Charging-Essentials/dp/B0DZ25Y1YR,https://m.media-amazon.com/images/I/31KEydPkXiL,USD,22.49,24.99,10.0,10% off,BEST_DEAL,AVAILABLE,f24b9eab,,,,,,,gl_electronics,POWER_STRIP,"172282,493964",True,False,bubble:home-diy,10.0,2.5,,False,$10–25,0–10%,,6.0,2026-09-16 23:25:19.134315+00:00
B092J8LPWR,"HANYCONY Surge Protector Power Strip, 1080J, 5 Ft Braided Extension Cord | 8 Outlets 4 USB Ports(2 USB C), Outlet Extender, Flat Plug, Wall Mount, Desk Charging Station, Home Office, Dorm Room ETL",HANYCONY,974281,https://www.amazon.com/Surge-Protector-Power-Strip-Extension/dp/B092J8LPWR,https://m.media-amazon.com/images/I/41w1NL7yU4L,USD,9.98,11.99,17.0,17% off,BEST_DEAL,AVAILABLE,7da2fecf,,,,,,,gl_electronics,POWER_STRIP,"172282,493964",True,False,bubble:home-diy,17.0,2.01,,False,<$10,10–20%,,10.2,2026-09-16 23:25:19.134315+00:00
B08R6T1M9T,"Surge Protector, QINLIANF 5 Outlet Extender with 4 USB Ports(2USB-C) | 1680 Joules, 3-Sided Power Strip, Multi Plug Wall Outlet Adapter Spaced for Home Travel Office, White",QINLIANF,933986,https://www.amazon.com/Charger-Protector-QINLIANF-Extender-Charging/dp/B08R6T1M9T,https://m.media-amazon.com/images/I/31m0yHztzzL,USD,17.99,19.99,10.0,10% off,BEST_DEAL,AVAILABLE,670920fb,,,,,,,gl_electronics,POWER_STRIP,"172282,493964",True,False,bubble:home-diy,10.0,2.0,,False,$10–25,0–10%,,6.0,2026-09-16 23:25:19.134315+00:00
B00CK04VEE,"Filterbuy 16x25x4 Air Filter MERV 8 Dust & Allergy Defense (2-Pack) | Electrostatic Pleated HVAC AC Furnace Filters Replacement, Made in USA (Actual Size: 15.50 x 24.50 x 3.63)",Filterbuy,187944,https://www.amazon.com/FilterBuy-16x25x4-Pleated-Furnace-Filters/dp/B00CK04VEE,https://m.media-amazon.com/images/I/51EDIelFZQL,USD,,,,,,,,,,,,,,gl_home_improvement,HVAC_AIR_FILTER,"228013,468240",True,False,bubble:home-diy,,,,False,,,,0.0,2026-09-16 23:25:19.134315+00:00
B087279HM1,"HBTower Step Ladder, Folding Step Stool with Wide Anti-Slip Pedal | Sturdy Steel Ladder, Convenient Handrail, Lightweight, Portable Steel Step Stool",HBTower,669380,https://www.amazon.com/HBTower-Anti-Slip-Convenient-Handgrip-Lightweight/dp/B087279HM1,https://m.media-amazon.com/images/I/41sX1JejUdL,USD,49.95,79.99,38.0,38% off,BEST_DEAL,AVAILABLE,1ea8e0bc,,,,,,,gl_home_improvement,LADDER,"228013,468240",True,False,bubble:home-diy,38.0,30.04,,False,$25–50,30–40%,,22.8,2026-09-16 23:25:19.134315+00:00
B01M9B7UH2,"Filterbuy 16x25x1 Air Filter MERV 8 Dust & Allergy Defense (12-Pack) | Electrostatic Pleated HVAC AC Furnace Filters Replacement, Made in USA (Actual Size: 15.50 x 24.50 x 0.75)",Filterbuy,187944,https://www.amazon.com/Filterbuy-16x25x1-Defense-12-Pack-Replacement/dp/B01M9B7UH2,https://m.media-amazon.com/images/I/51yF8nOXngL,USD,,,,,,,,,,,,,,gl_home_improvement,HVAC_AIR_FILTER,"228013,468240",True,False,bubble:home-diy,,,,False,,,,0.0,2026-09-16 23:25:19.134315+00:00
B09TV4FNNY,"RUGPADUSA - Basics - 7'4"" x 9'4"" - 3/8"" Thick - 100% Felt - Protective Cushioning Rug Pad - Safe for All Floors and Finishes Including Hardwoods",RUGPADUSA,340345,https://www.amazon.com/RUGPADUSA-Protective-Cushioning-Including-Hardwoods/dp/B09TV4FNNY,https://m.media-amazon.com/images/I/51fbRPHjBHL,USD,,,,,,,,,,,,,,gl_furniture,RUG_PAD,"1055398,1063498",True,False,bubble:home-diy,,,,False,,,,0.0,2026-09-16 23:25:19.134315+00:00
B0B2LHP39T,"Bathroom Faucet, Hurran 4 inch Centerset 2-Handle Lead-Free, Chrome | Bathroom Sink Faucet with Pop-up Drain and Supply Lines, Stainless Steel Faucet for Vanity RV Restroom Laundry Outdoor Sink",Hurran,1952596,https://www.amazon.com/Hurran-Bathroom-Stainless-Lead-Free-Centerset/dp/B0B2LHP39T,https://m.media-amazon.com/images/I/41r5Lla5qCL,USD,29.98,37.98,21.0,21% off,BEST_DEAL,AVAILABLE,999756ac,,,,,,,gl_home_improvement,FAUCET,"228013,468240",True,False,bubble:home-diy,21.0,8.0,,False,$25–50,20–30%,,12.6,2026-09-16 23:25:19.134315+00:00
B0BQQJLXDP,"10 Ft Surge Protector Power Strip - YISHU 3 Side Outlet Extender with 8 Widely AC Outlets and 4 USB Ports, 10 Feet Extension Cord with Flat Plug, Wall Mount Desk USB Charging Station, ETL,White",YISHU,817398,https://www.amazon.com/Surge-Protector-Power-Strip-Extension/dp/B0BQQJLXDP,https://m.media-amazon.com/images/I/317+mV2jq4L,USD,,,,,,,,,,,,,,gl_electronics,POWER_STRIP,"172282,493964",True,False,bubble:home-diy,,,,False,,,,0.0,2026-09-16 23:25:19.134315+00:00
B0DY95T5HB,"Chefman Countertop Microwave Oven 0.7 Cu. Ft., 700 Watts with 10 Power Levels, 6 Cooking Presets with One-Touch Express Cook, Eco Mode, Child Safety Lock, & Mute Button - Black",Chefman,216074,https://www.amazon.com/Chefman-Countertop-Microwave-Cooking-One-Touch/dp/B0DY95T5HB,https://m.media-amazon.com/images/I/31jIxsGteML,USD,69.96,99.99,30.0,30% off,BEST_DEAL,AVAILABLE,ee7686d8,,,,,,,gl_kitchen,MICROWAVE_OVEN,"1055398,1063498,284507",False,False,bubble:home-diy,30.0,30.03,,False,$50–100,20–30%,,18.0,2026-09-16 23:25:19.134315+00:00
B01M751WC3,20V MAX Premium Lithium-Ion 6.0Ah Battery Pack (2 Pack),DEWALT,195991,https://www.amazon.com/DEWALT-Battery-Premium-Double-DCB206-2/dp/B01M751WC3,https://m.media-amazon.com/images/I/41IoAicuP7L,USD,,,,,,,,,,,,,,gl_tools,BATTERY,"228013,328182011,468240",True,False,bubble:home-diy,,,,False,,,,0.0,2026-09-16 23:25:19.134315+00:00
B0H2YVCWYK,"JOJUOU 2-Pack Garage Shelving for Large Storage & Whole Home Organization, 78"" H x 46"" W x 20"" D 5-Tier Adjustable Metal Storage Rack for Tools, Storage Bins, Bulk Items, Garage, Pantry & Workshop",JOJUOU,19660679,https://www.amazon.com/JOJUOU-Shelving-Organization-Adjustable-Workshop/dp/B0H2YVCWYK,https://m.media-amazon.com/images/I/41-5lyfJvLL,USD,,,,,,,,,,,,,,gl_home,SHELF,"228013,468240",True,False,bubble:home-diy,,,,False,,,,0.0,2026-09-16 23:25:19.134315+00:00
B08B5YP37H,"FLEXIMOUNTS 4x8 Overhead Garage Ceiling Storage Rack, 2 Pack, Hammertone | 750lbs Weight Capacity, 22""-40"" Adjustable Organization System, Heavy-Duty Metal Ceiling Racks, Classic Series",FLEXIMOUNTS,257185,https://www.amazon.com/FLEXIMOUNTS-2-Piece-Overhead-Adjustable-Hammertone/dp/B08B5YP37H,https://m.media-amazon.com/images/I/41VQKQY8IcL,USD,,,,,,,,,,,,,,gl_tools,STORAGE_RACK,"228013,468240",True,False,bubble:home-diy,,,,False,,,,0.0,2026-09-16 23:25:19.134315+00:00
B08P5LRY37,"ALESTOR 6 Ft Surge Protector Power Strip with 12 Outlets and 4 USB Ports | 2700 Joules, 6 Feet Heavy Duty Extension Cord with Multiple Outlets for Home, Office, Dorm Room, ETL Listed, Black",Alestor,898703,https://www.amazon.com/Alestor-Protector-Outlets-Extension-Essentials/dp/B08P5LRY37,https://m.media-amazon.com/images/I/41PsJYHqW7L,USD,,,,,,,,,,,,,,gl_electronics,POWER_STRIP,"172282,493964",True,False,bubble:home-diy,,,,False,,,,0.0,2026-09-16 23:25:19.134315+00:00
B07Y4Y88Y6,"FORIOUS Kitchen Faucets Pull Down Sprayer, Stainless Steel, Brushed Nickel | Classic High Arc, Single Handle Kitchen Sink Faucet, Deck Plate for 1 or 3 Hole, Suitable for Farmhouse Camper Laundry Rv Bar",FORIOUS,392131,https://www.amazon.com/Stainless-Kitchen-Sprayer-Commercial-FORIOUS/dp/B07Y4Y88Y6,https://m.media-amazon.com/images/I/31o4uvE03pL,USD,35.9,39.98,10.0,10% off,BEST_DEAL,AVAILABLE,84984282,,,,,,,gl_home_improvement,FAUCET,"228013,468240",True,False,bubble:home-diy,10.0,4.08,,False,$25–50,0–10%,,6.0,2026-09-16 23:25:19.134315+00:00
B0BLTYNJCK,"TESSAN Surge Protector Power Strip with 900J Surge Protection, 5 Ft, Grey | 8 AC with 3 USB Ports (1 USB C 20W PD), Flat Plug Extension Cord, 3 Sided Outlet Extender with Power Switch for Dorm Room",TESSAN,177331,https://www.amazon.com/Surge-Protector-Power-Strip-Essentials/dp/B0BLTYNJCK,https://m.media-amazon.com/images/I/3102IqLWotL,USD,19.54,22.99,15.0,15% off,BEST_DEAL,AVAILABLE,cbabf2fa,,,,,,,gl_electronics,POWER_STRIP,"172282,493964",True,False,bubble:home-diy,15.0,3.45,,False,$10–25,10–20%,,9.0,2026-09-16 23:25:19.134315+00:00
B07GV36BLD,"COMFEE' Countertop Microwave Oven, 0.7 Cu.Ft, 700W, Black, ECO Mode | Sound On/Off, One-Touch Buttons, Child Safety Lock, for Dorm, Apartment, Office",COMFEE',325604,https://www.amazon.com/Comfee-EM720CPL-PMB-Countertop-Microwave-One-Touch/dp/B07GV36BLD,https://m.media-amazon.com/images/I/31jg1PUc69L,USD,69.96,80.99,14.0,14% off,BEST_DEAL,AVAILABLE,6d266cab,,,,,,,gl_kitchen,MICROWAVE_OVEN,"1055398,1063498,284507",True,False,bubble:home-diy,14.0,11.03,,False,$50–100,10–20%,,8.4,2026-09-16 23:25:19.134315+00:00
B0GHP4KY1Z,"DREO Reverse Osmosis Water Filter System Countertop, RO Water Filter 112 3L | RO Water Filtration filters 99.9% contaminants, Installation-Free Water Purifier with TDS & Filter Life Monitor, BPA-free",DREO,392201,https://www.amazon.com/DREO-Reverse-Osmosis-Countertop-Filtration/dp/B0GHP4KY1Z,https://m.media-amazon.com/images/I/31FCcQTo0AL,USD,152.99,169.99,10.0,10% off,BEST_DEAL,AVAILABLE,827642cf,,,,,,,gl_home,WATER_PURIFICATION_UNIT,"228013,468240",True,False,bubble:home-diy,10.0,17.0,,False,$100–250,0–10%,,6.0,2026-09-16 23:25:19.134315+00:00
B00NVF51ZK,"Filterbuy 20x25x5 Air Filter MERV 8 Dust & Allergy Defense (2-Pack) | Pleated HVAC AC Furnace Replacement for Honeywell FC100A1037, Lennox X6673 & More (Actual Size: 19.88 x 24.75 x 4.38)",Filterbuy,187944,https://www.amazon.com/FilterBuy-20x25x5-Pleated-Replacement-Honeywell/dp/B00NVF51ZK,https://m.media-amazon.com/images/I/51cNRSap88L,USD,,,,,,,,,,,,,,gl_home_improvement,HVAC_AIR_FILTER,"228013,468240",True,False,bubble:home-diy,,,,False,,,,0.0,2026-09-16 23:25:19.134315+00:00
B0BWHZJHPL,"EUHOMY Countertop Ice Maker Machine with Handle, 26lbs in 24Hrs, 9 Ice Cubes Ready in 6 Mins, Auto-Cleaning Portable Ice Maker with Basket and Scoop, for Home/Kitchen/Camping/RV. (Black)",EUHOMY,1722581,https://www.amazon.com/EUHOMY-Countertop-Machine-Auto-Cleaning-Portable/dp/B0BWHZJHPL,https://m.media-amazon.com/images/I/4157QL2BebL,USD,,,,,,,,,,,,,,gl_major_appliances,ICE_MAKER,"16310091,16310161,2619525011,2619526011",True,False,bubble:home-diy,,,,False,,,,0.0,2026-09-16 23:25:19.134315+00:00
B07GPFDL1K,"Delamu Cord Hider, 157in Wire Covers for Cords on Wall, Premium Cable Hider Cord Covers for Wires, Cable Management Wire Hiders for TV, Cable Raceway Kit, W0.95 H0.55in, White",,209914,https://www.amazon.com/Delamu-Premium-Management-Raceway-H0-55in/dp/B07GPFDL1K,https://m.media-amazon.com/images/I/41TfSAjlzmL,USD,14.98,16.99,12.0,12% off,BEST_DEAL,AVAILABLE,1e722b2f,,,,,,,gl_electronics,CORD_MANAGEMENT_COVER,"172282,493964",True,False,bubble:home-diy,12.0,2.01,,False,$10–25,10–20%,,7.2,2026-09-16 23:25:19.134315+00:00
B0F9PLBZBK,"YOROXRG 24 Pack Christmas Decoration Flickering Flameless Candles, Battery Operated Candles,LED Candles for Home Decor,Wedding,Halloween,Birthday,Valentine'sDay (D2.2 xH 5"" 6"" 7"" Ivory)",,4238838,https://www.amazon.com/YOROXRG-Christmas-Decoration-Flickering-ValentinesDay/dp/B0F9PLBZBK,https://m.media-amazon.com/images/I/41VlGiKFu1L,USD,33.98,39.99,15.0,15% off,BEST_DEAL,AVAILABLE,e1046d78,,,,,,,gl_home_improvement,LAMP,"228013,468240",True,False,bubble:home-diy,15.0,6.01,,False,$25–50,10–20%,,9.0,2026-09-16 23:25:19.134315+00:00
B0CJ98SCNH,"Lifewit 105L Large Laundry Basket with Lid, Removable Bags, Beige | Foldable Laundry Hamper with Bamboo Handles, Tall Laundry Bin, Dirty Clothes Hamper for Laundry Room, Bedroom, Bathroom, Dorm",Lifewit,200663,https://www.amazon.com/Lifewit-Laundry-Removable-Foldable-Bathroom/dp/B0CJ98SCNH,https://m.media-amazon.com/images/I/31IsBl2NlrL,USD,19.98,24.99,20.0,20% off,BEST_DEAL,AVAILABLE,ad14191f,,,,,,,gl_home,LAUNDRY_HAMPER,"1055398,1063498",True,False,bubble:home-diy,20.0,5.01,,False,$10–25,10–20%,,12.0,2026-09-16 23:25:19.134315+00:00
B0G3Q4Y676,"EUHOMY Nugget Ice Maker Countertop with Handle, 38lbs Daily Sonic Ice | Ice Ready in 6 Mins, Self-Cleaning, Removable Lid, Pebble Ice Maker with Basket & Scoop for Home/Party/RV/Camping, Black",EUHOMY,1722581,https://www.amazon.com/EUHOMY-Countertop-Removable-Self-Cleaning-Portable/dp/B0G3Q4Y676,https://m.media-amazon.com/images/I/41263J9QnQL,USD,,,,,,,,,,,,,,gl_major_appliances,ICE_MAKER,"16310091,16310161,2619525011,2619526011",True,False,bubble:home-diy,,,,False,,,,0.0,2026-09-16 23:25:19.134315+00:00
B08B8D53HS,"DAYBETTER LED Lights 65.6ft, 5050 RGB Led Strip Lights Flexible Color Changing Remote Control Led Light Strips, 2 Rolls of 32.8ft Led Lights for Bedroom, Living Room, Party Home Decor",DAYBETTER,438058,https://www.amazon.com/Daybetter-Flexible-Changing-Remote-Control/dp/B08B8D53HS,https://m.media-amazon.com/images/I/51QuQID7-DL,USD,,,,,,,,,,,,,,gl_home_improvement,STRING_LIGHT,"228013,468240",True,False,bubble:home-diy,,,,False,,,,0.0,2026-09-16 23:25:19.134315+00:00
B082VJZ63B,"Felt Furniture Pads X-Protector - 48 PCS 1"" - Premium Felt Pads (Brown) | Furniture Feet Wood Floors Protectors - Prevent Scratches, Annoying Noise & Protect Your Hard Surfaces!",X-Protector,160461,https://www.amazon.com/Felt-Furniture-Pads-X-PROTECTOR-Protector/dp/B082VJZ63B,https://m.media-amazon.com/images/I/51G1cJ4QSRL,USD,7.41,9.91,25.0,25% off,LIGHTNING_DEAL,AVAILABLE,45f2283d,38.0,2026-09-17 02:35:00+00:00,,,,,gl_home_improvement,FURNITURE_FLOOR_PROTECTOR,"228013,468240",True,False,bubble:home-diy,25.0,2.5,3.2,True,<$10,20–30%,,15.0,2026-09-16 23:25:19.134315+00:00
B0779621KZ,"Fluke 17B+ Digital Multimeter, for Electrical Applications, Measures AC/DC Voltage 1000V, Current Measurements to 10A, Resistance, Continuity, Diode, Capacitance, Frequency, and Temperature Testing",Fluke,233138,https://www.amazon.com/Fluke-Applications-Measurements-Capacitance-Temperature/dp/B0779621KZ,https://m.media-amazon.com/images/I/31mvCY3SN5L,USD,,,,,,,,,,,,,,gl_biss,ELECTRIC_CIRCUIT_TESTING_DEVICE,"228013,468240",False,False,bubble:home-diy,,,,False,,,,0.0,2026-09-16 23:25:19.134315+00:00
B07MP659BM,"Chomps Jalapeño Beef, Grass-Fed & Finished, 10ct, Protein Snack Stick | Grass-Fed And Finished Jalapeño Beef Jerky Snack Sticks, Gluten-Free Meat Sticks, Paleo Snacks, Keto, Whole30, Non-GMO",Chomps,233924,https://www.amazon.com/Chomps-Grass-Fed-Finished-Jalape%C3%B1o-10-Pack/dp/B07MP659BM,https://m.media-amazon.com/images/I/41S55IbT6AL,USD,,,,,,,,,,,,,,gl_grocery,JERKY,"16310101,16310211",True,False,bubble:grocery,,,,False,,,,0.0,2026-09-16 23:25:19.134315+00:00
B0FN9PSSXB,"TRIP Calm Drink, Non-Alcoholic Adaptogen Mocktail Citrus Berry Variety 12pk | Lightly Sparkling Seltzer with 120mg Magnesium and Botanical Blend, Non-GMO, Vegan, No added Sugar, Alcohol alternative, 12oz",TRIP,1439747,https://www.amazon.com/TRIP-Sparkling-Adaptogen-Non-Alcoholic-Ashwagandha/dp/B0FN9PSSXB,https://m.media-amazon.com/images/I/41QA761SPZL,USD,,,,,,,,,,,,,,gl_grocery,DRINK_FLAVORED,"16310101,16310211",True,False,bubble:grocery,,,,False,,,,0.0,2026-09-16 23:25:19.134315+00:00
B09DT9LTS9,"ROSSO CAFFÈ Espresso Pods for Nespresso Original Machines, Variety Pack 80 | 8 Signature Blends • Italian Made • Rich Crema • Medium to Dark Roast",ROSSO CAFFÈ,97925,https://www.amazon.com/Rosso-Coffee-Espresso-Nespresso-Machines/dp/B09DT9LTS9,https://m.media-amazon.com/images/I/41Pfc1MlHbL,USD,,,,,,,,,,,,,,gl_grocery,COFFEE,"16310101,16310211",True,False,bubble:grocery,,,,False,,,,0.0,2026-09-16 23:25:19.134315+00:00
B07RQHB4T8,"ROSSO CAFFÈ Espresso Pods for Nespresso Original Machines, Variety Pack 120 | Six Premium Coffee Blends • Smooth to Intense • Rich Crema • 120 Capsules",ROSSO CAFFÈ,97925,https://www.amazon.com/ROSSO-CAFF%C3%88-120-Espresso-Pods/dp/B07RQHB4T8,https://m.media-amazon.com/images/I/41QD95J7ghL,USD,,,,,,,,,,,,,,gl_grocery,COFFEE,"16310101,16310211",True,False,bubble:grocery,,,,False,,,,0.0,2026-09-16 23:25:19.134315+00:00
B0F1DLMNNH,Assorted Halloween Candy Variety Pack 5 lb - Individually Wrapped Mixed Candy Bag,Jumblet,16072362,https://www.amazon.com/Bulk-Candy-Mix-Variety-Pack/dp/B0F1DLMNNH,https://m.media-amazon.com/images/I/6130oxWTAfL,USD,,,,,,,,,,,,,,gl_grocery,CANDY,"16310101,16310211",True,False,bubble:grocery,,,,False,,,,0.0,2026-09-16 23:25:19.134315+00:00
B0BS48X544,Organic USDA Café Romano Coffee Aluminum Espresso Pods For Nespresso Original Machine 100 Pack Italian Espresso Coffee (Variety pack),Café Romano,1033707,https://www.amazon.com/Caf%C3%A9-Romano-Aluminum-Nespresso-Origninal/dp/B0BS48X544,https://m.media-amazon.com/images/I/51GoSGJG3xL,USD,,,,,,,,,,,,,,gl_grocery,COFFEE,"16310101,16310211",False,False,bubble:grocery,,,,False,,,,0.0,2026-09-16 23:25:19.134315+00:00
B0DCZXGS9W,"TRIP Calm Drink, Non-Alcoholic Adaptogen Mocktail Seltzer Peach Ginger 12pk | Lightly Sparkling Seltzer with 120mg Magnesium and Botanical Blend, Non-GMO, Vegan, No added sugar, Alcohol alternative, 12oz",TRIP,1439747,https://www.amazon.com/Sparkling-Adaptogen-Mocktail-Magnesium-Ashwagandha/dp/B0DCZXGS9W,https://m.media-amazon.com/images/I/41nPQgtEMqL,USD,,,,,,,,,,,,,,gl_grocery,BEVERAGE,"16310101,16310211",True,False,bubble:grocery,,,,False,,,,0.0,2026-09-16 23:25:19.134315+00:00
B09D9DSZFM,Raw Manuka Honey UMF 22+ MGO 970+ | UMF Certified | Ultra Premium 8.8 oz | Raw New Zealand Manuka Honey | UMF 22+ Certified | MGO 970+ | Ultra Premium Quality | New Zealand Origin | 8.8 Oz Jar,100% Pure New Zealand Honey,513877,https://www.amazon.com/100-Pure-New-Zealand-Honey/dp/B09D9DSZFM,https://m.media-amazon.com/images/I/41BrgWaATvL,USD,,,,,,,,,,,,,,gl_grocery,HONEY,"16310101,16310211",True,False,bubble:grocery,,,,False,,,,0.0,2026-09-16 23:25:19.134315+00:00
B0BZWSR74Z,"Misfits Protein Bar Variety Pack | Nutrition Bars - 14-15g Protein, 1g Sugar, Plant-based, Low Carb, Non-GMO, Gluten Free Snacks | Vegan Protein Bars | Pack of 12, Multiple Flavors",Misfits,632857,https://www.amazon.com/Misfits-Protein-Sellers-Variety-Snacks/dp/B0BZWSR74Z,https://m.media-amazon.com/images/I/51ht9HWxiGL,USD,,,,,,,,,,,,,,gl_grocery,SNACK_FOOD_BAR,"3760901,3760931",True,False,bubble:grocery,,,,False,,,,0.0,2026-09-16 23:25:19.134315+00:00
B0GC9YSL3S,"Dutch Bros OG Medium Roast, 60 Ct, Medium Roast, Single Serve Coffee Pods | 100% Arabica coffee, Milk chocolate and citrus notes, Single-serve K-Cup pods, Keurig compatible, Bulk 60-count box",Dutch Bros Coffee,75014,https://www.amazon.com/Dutch-Medium-Single-Coffee-Brewers/dp/B0GC9YSL3S,https://m.media-amazon.com/images/I/51nqccS8zXL,USD,,,,,,,,,,,,,,gl_grocery,COFFEE,"16310101,16310211",True,False,bubble:grocery,,,,False,,,,0.0,2026-09-16 23:25:19.134315+00:00
B0CC6KVCLH,"Pete's Pasta Penne, Rotini, Elbow Mac, Low Carb, 17g Protein, 7g Net Carbs | Made in Italy, Al Dente, Only 110 Calories, 27g Fiber, Real Wheat, Never Rubbery, No Funny Aftertaste, Holds Sauce, 3 x 8 oz",Pete's Pasta,5162079,https://www.amazon.com/Petes-Pasta-Variety-Pack-8oz/dp/B0CC6KVCLH,https://m.media-amazon.com/images/I/51m156U6MsL,USD,,,,,,,,,,,,,,gl_grocery,NOODLE,"16310101,16310211",True,False,bubble:grocery,,,,False,,,,0.0,2026-09-16 23:25:19.134315+00:00
B0DLQRPTX8,"Rip Van Crispy Dunes Vegan Chocolate Hazelnut Wafer Sticks – Low-Calorie Keto Snack with Hazelnut Cream Filling, 90 Calories, Non-GMO, Prebiotic Fiber - 12 Pack",Rip Van Wafels,480797,https://www.amazon.com/Crispy-Dunes-Chocolate-Hazelnut-Sticks/dp/B0DLQRPTX8,https://m.media-amazon.com/images/I/51jFOch1kEL,USD,,,,,,,,,,,,,,gl_grocery,COOKIE,"16310101,16310211",True,False,bubble:grocery,,,,False,,,,0.0,2026-09-16 23:25:19.134315+00:00
B0D4QNYKGD,"LeafLea 80 Soursop Leaf Tea Bags, from Natural Soursop Leaves (Graviola) | Herbal Blend for Wellness, Sour Sop Herbal Tea Individually Wrapped for Freshness, Caffeine-Free, Vegan, No Sugar, Non-GMO",LeafLea,8201769,https://www.amazon.com/LeafLea-Soursop-Natural-Leaves-Graviola/dp/B0D4QNYKGD,https://m.media-amazon.com/images/I/51M2ejWSdgL,USD,,,,,,,,,,,,,,gl_grocery,TEA,"16310101,16310211",True,False,bubble:grocery,,,,False,,,,0.0,2026-09-16 23:25:19.134315+00:00
B0DSK5FLSQ,"Beef Tallow 7 LB Bulk Pail with Safety Seal for Cooking, No Preservatives | Rendered beef fat, high smoke point, for frying, searing, roasting, sauteing, home cooks, meal preppers, kitchen essential",Drip Co,4251226,https://www.amazon.com/Beef-Tallow-Cooking-7-LB/dp/B0DSK5FLSQ,https://m.media-amazon.com/images/I/51IaUsA-wdL,USD,,,,,,,,,,,,,,gl_grocery,EDIBLE_OIL_ANIMAL,"16310101,16310211",True,False,bubble:grocery,,,,False,,,,0.0,2026-09-16 23:25:19.134315+00:00
B0FM4MMBFK,"Morning Pep Allulose Sweetener 4 lb – Zero Calorie Sugar Alternative, 100% Pure, No Erythritol, Non-GMO Project Verified, Keto Certified, OU Kosher, No Fillers, Ideal for Baking and Beverages",Morning Pep,214007,https://www.amazon.com/Morning-Pep-Allulose-Sweetener-Alternative/dp/B0FM4MMBFK,https://m.media-amazon.com/images/I/31xnCxCnPrL,USD,,,,,,,,,,,,,,gl_grocery,SUGAR_SUBSTITUTE,"16310101,16310211",True,False,bubble:grocery,,,,False,,,,0.0,2026-09-16 23:25:19.134315+00:00
B07CL6GL3T,"C4 Ultimate Energy Drink with Zero Sugar, Arctic Snow Cone, 12pk | 300mg caffeine delivers ultimate energy, focus and performance when you need it most.",C4,1459328,https://www.amazon.com/Cellucor-Ultimate-Carbonated-Workout-Sparkling/dp/B07CL6GL3T,https://m.media-amazon.com/images/I/51rjNPLXe3L,USD,,,,,,,,,,,,,,gl_drugstore,DRINK_FLAVORED,"16310101,16310211",True,False,bubble:grocery,,,,False,,,,0.0,2026-09-16 23:25:19.134315+00:00
B08F8SN5BC,"26 Organic Madagascar Vanilla Beans Extract Exclusive Grade B| 4.5"" - 5.5"" by FITNCLEAN VANILLA| Certified USDA Organic. Bulk Dry Whole Bourbon NON-GMO Pods",FITNCLEAN HERBS AND SPICES,602654,https://www.amazon.com/Madagascar-Vanilla-Beans-Extract-Exclusive/dp/B08F8SN5BC,https://m.media-amazon.com/images/I/519RviUd-AL,USD,,,,,,,,,,,,,,gl_grocery,CONCENTRATED_FLAVORING_SUBSTANCE,"16310101,16310211",True,False,bubble:grocery,,,,False,,,,0.0,2026-09-16 23:25:19.134315+00:00
B0FVB3JXKR,"Liquid Death Sparkling Energy - Murder Mystery (Cherry, Cream, Spice), Zero Sugar Energy Drink, Unextreme Caffeine 100mg, Essential Vitamins, 12 Fl Oz (Pack of 12)",Liquid Death,358440,https://www.amazon.com/Liquid-Death-Sparkling-Energy-Unextreme/dp/B0FVB3JXKR,https://m.media-amazon.com/images/I/516PxjiB8vL,USD,,,,,,,,,,,,,,gl_grocery,DRINK_FLAVORED,"16310101,16310211",True,False,bubble:grocery,,,,False,,,,0.0,2026-09-16 23:25:19.134315+00:00
B01L7S8DSY,"Bestpresso Coffee for Nespresso Original Machine 120 Aluminum pods Certified Genuine Espresso Intenso Blend(High Intensity), Pods Compatible with Nespresso Original",Bestpresso,88058,https://www.amazon.com/Coffee-Capsules-Nespresso-Original-Machine/dp/B01L7S8DSY,https://m.media-amazon.com/images/I/41848qkbQpL,USD,,,,,,,,,,,,,,gl_office_product,COFFEE,"16310101,16310211",True,False,bubble:grocery,,,,False,,,,0.0,2026-09-16 23:25:19.134315+00:00
B0DHP915W6,"Mushroom Coffee, Instant Coffee Blend, 6 Adaptogenic Mushrooms, 30 Servings | w/ Lion's Mane, Reishi, Cordyceps, Shiitake, King Trumpet & Turkey Tail, for Energy, Digestion & Immune Support, Medium Roast",Bunkell,15305962,https://www.amazon.com/Bunkell-Mushroom-Mushrooms-Cordyceps-Digestion/dp/B0DHP915W6,https://m.media-amazon.com/images/I/51O220j7hFL,USD,,,,,,,,,,,,,,gl_drugstore,COFFEE,"16310101,16310211",True,False,bubble:grocery,,,,False,,,,0.0,2026-09-16 23:25:19.134315+00:00
B07GFW9M23,"C4 Performance Energy Drink with Zero Sugar, Orange Slice, 12pk | 200mg caffeine and performance ingredients deliver explosive energy, endurance and focus.",C4,1459328,https://www.amazon.com/C4-Performance-Energy-Drink-Caffeine/dp/B07GFW9M23,https://m.media-amazon.com/images/I/51TNEh4YXHL,USD,,,,,,,,,,,,,,gl_drugstore,DRINK_FLAVORED,"16310101,16310211",True,False,bubble:grocery,,,,False,,,,0.0,2026-09-16 23:25:19.134315+00:00
B07RG8MMXW,"Micro Ingredients Organic Mega Mushroom Powder, 10-in-1 Mushroom Blend 10oz | USDA Organic 10-Mushroom Blend with Lion’s Mane, Shiitake, Chaga & Cordyceps | Mix into Coffee, Tea & Smoothies",Micro Ingredients,673783,https://www.amazon.com/Sustainably-Mushroom-Cordyceps-Shiitake-Friendly/dp/B07RG8MMXW,https://m.media-amazon.com/images/I/41s3rr6zHcL,USD,,,,,,,,,,,,,,gl_drugstore,HERBAL_SUPPLEMENT,"16310101,16310211",True,False,bubble:grocery,,,,False,,,,0.0,2026-09-16 23:25:19.134315+00:00
B0DP9KYCFJ,"FreshDrinkUS, Premium 75 Bags Tulsi Moringa Lemongrass Tea, 100% Natural & Pure. Made with Eco-Conscious Tea Bags. No Sugar, No Caffeine, Vegan.",FRESHDRINKUS,1492703,https://www.amazon.com/FreshDrinkUS-Lemongrass-Lemongrass-Material-Caffeine/dp/B0DP9KYCFJ,https://m.media-amazon.com/images/I/51PFc9lb2OL,USD,,,,,,,,,,,,,,gl_grocery,TEA,"16310101,16310211",True,False,bubble:grocery,,,,False,,,,0.0,2026-09-16 23:25:19.134315+00:00
B0DR39FB8Q,"ChewySkittles Bulk Candy 4 lb Bag, Original Fruity Candy for Parties | Vending Machine and Candy Machine Refill, Rainbow Flavors, Movie Night Snacks, Party Favors, Snack Bowl, Bite Size, Halloween",Jumblet,16072362,https://www.amazon.com/Original-SkittlesBulk-Parties-Sharing-Friends/dp/B0DR39FB8Q,https://m.media-amazon.com/images/I/51Oiw4UaWOL,USD,,,,,,,,,,,,,,gl_grocery,CANDY,"16310101,16310211",True,False,bubble:grocery,,,,False,,,,0.0,2026-09-16 23:25:19.134315+00:00
B09CTT4KM3,"Spicy World Cinnamon Sticks 14 Oz Bag ~100 Sticks - Strong Aroma, Perfect for Baking, Cooking & Beverages - 3+ Inches Length - Cassia Saigon Cinnamon from Vietnam",Spicy World,233113,https://www.amazon.com/Spicy-World-Cinnamon-Sticks-Bag/dp/B09CTT4KM3,https://m.media-amazon.com/images/I/51EqDE871DL,USD,,,,,,,,,,,,,,gl_grocery,HERB,"16310101,16310211",True,False,bubble:grocery,,,,False,,,,0.0,2026-09-16 23:25:19.134315+00:00
B0FQM6R1ZF,"Organic Matcha Green Tea Powder, 1 Pound | Unsweetened with Zero Sugar, Culinary Grade, Potent Early Spring Leaf Harvest, Fine Stone Ground – Vegan, All Purpose, Great for Matcha Latte",NatureBell,584650,https://www.amazon.com/Organic-Matcha-Unsweetened-Culinary-Harvest/dp/B0FQM6R1ZF,https://m.media-amazon.com/images/I/51D34mzGvkL,USD,,,,,,,,,,,,,,gl_grocery,TEA,"16310101,16310211",True,False,bubble:grocery,,,,False,,,,0.0,2026-09-16 23:25:19.134315+00:00
B0CJJ4G7FF,"FullChea - Dandelion Leaf & Root Tea Bags, 50 Count, Dandelion Herbal Tea | Balanced herbal blend tea for liver & kidney health, Non-GMO and caffeine-free",,384400,https://www.amazon.com/FullChea/dp/B0CJJ4G7FF,https://m.media-amazon.com/images/I/41rKEoYJPvL,USD,,,,,,,,,,,,,,gl_grocery,TEA,"16310101,16310211",True,False,bubble:grocery,,,,False,,,,0.0,2026-09-16 23:25:19.134315+00:00
B0BXYB91BJ,"Micro Ingredients Organic Goji Berries 2lbs (32oz) | Large Whole Sun-Dried Berries | Raw Wolfberries | For Trail Mix, Juice, & Tea | Sulfate Free, Vegan Friendly, Non-GMO",Micro Ingredients,673783,https://www.amazon.com/Organic-Berries-Sun-Dried-Antioxidant-Superfood/dp/B0BXYB91BJ,https://m.media-amazon.com/images/I/41ypC-Q3v+L,USD,,,,,,,,,,,,,,gl_grocery,FRUIT,"16310101,16310211",True,False,bubble:grocery,,,,False,,,,0.0,2026-09-16 23:25:19.134315+00:00
B0DGJJ58J8,"Bragg Organic Coconut Liquid Aminos 16 oz - Soy Sauce Alternative, Vegan | Gluten-free, plant-based, soy-free, naturally low sodium, no fermentation aftertaste, great for stir-fry, marinades & dipping",Bragg,462398,https://www.amazon.com/Bragg-Coconut-Aminos-Purpose-Seasoning/dp/B0DGJJ58J8,https://m.media-amazon.com/images/I/410nkIwlfkL,USD,,,,,,,,,,,,,,gl_grocery,FOOD,"16310101,16310211",True,False,bubble:grocery,,,,False,,,,0.0,2026-09-16 23:25:19.134315+00:00
B0GZ4T59RC,"SVI 1000 Florence Fennel Seeds (Foeniculum vulgare) – Sweet Fennel Seed Packets Bulk Natural Herbs – Open Pollinated Heirloom Herb Seeds, Full Sun Outdoor Herb Garden & Indoor Herbs, Containers",,501976,https://www.amazon.com/SVI-Florence-Fennel-Foeniculum-vulgare/dp/B0GZ4T59RC,https://m.media-amazon.com/images/I/51xN6mknYbL,USD,,,,,,,,,,,,,,gl_lawn_and_garden,PLANT_SEED,"16310101,16310211",True,False,bubble:grocery,,,,False,,,,0.0,2026-09-16 23:25:19.134315+00:00
B07P8TG21N,"Chomps Sea Salt Beef, Grass-Fed & Finished, 10ct, Protein Snack Stick | Beef Jerky Bulk, Zero Sugar, Certified Gluten Free Snack, 100 Calories Per 1.15 Oz Stick, Keto Snacks, Whole30 Diet",Chomps,233924,https://www.amazon.com/Chomps-Grass-Fed-Finished-Sticks-10-Pack/dp/B07P8TG21N,https://m.media-amazon.com/images/I/41XqWgCf2KL,USD,,,,,,,,,,,,,,gl_grocery,JERKY,"16310101,16310211",True,False,departments:16310211,,,,False,,,,0.0,2026-09-16 23:25:19.134315+00:00
B0H1L5DR8W,Manuka Honey UMF 15+ MGO 550+ Sachets 30 x 10g Raw New Zealand Honey | Raw Manuka Honey | UMF 15+ Certified | MGO 550+ | 30 x 10g Sachets | Travel Ready | Daily Use | Single-Serve Packs,100% Pure New Zealand Honey,513877,https://www.amazon.com/Manuka-Honey-Sachets-New-Zealand/dp/B0H1L5DR8W,https://m.media-amazon.com/images/I/51b1pF2sZJL,USD,,,,,,,,,,,,,,gl_grocery,HONEY,"16310101,16310211",True,False,departments:16310211,,,,False,,,,0.0,2026-09-16 23:25:19.134315+00:00
B0GC9JPZL8,"Dutch Bros Mafia Dark Roast, 32 Ct, Dark Roast, Single Serve Coffee Pods | 100% Arabica coffee, Sweet malt and chocolate notes, Keurig K-Cup compatible, Pairs with Dutch Bros creamers",Dutch Bros Coffee,75014,https://www.amazon.com/Dutch-Single-Coffee-Keurig-Brewers/dp/B0GC9JPZL8,https://m.media-amazon.com/images/I/51ZmfjMRV0L,USD,,,,,,,,,,,,,,gl_grocery,COFFEE,"16310101,16310211",True,False,departments:16310211,,,,False,,,,0.0,2026-09-16 23:25:19.134315+00:00
B0CC6HX6RV,"Pete's Pasta Penne, Low Carb, Keto, Protein Pasta, 17g Protein 7g Net Carbs | Made in Italy, Al Dente, Only 110 Calories, 27g Fiber, Real Wheat, Never Rubbery, No Funny Aftertaste, Holds Sauce, 3 x 8 oz",Pete's Pasta,5162079,https://www.amazon.com/Petes-Pasta-Pack-Penne-Noodles/dp/B0CC6HX6RV,https://m.media-amazon.com/images/I/51pVPq-MiNL,USD,,,,,,,,,,,,,,gl_grocery,NOODLE,"16310101,16310211",True,False,departments:16310211,,,,False,,,,0.0,2026-09-16 23:25:19.134315+00:00
B0D4QJRQ1S,"LeafLea 120 Soursop Tea Bags, from 100% Natural Soursop Graviola Leaves | Improve Digestion, Support Healthy Skin & Sleep, Herbal Tea Caffeine-free, Hojas De Guanabana Tea, Non-GMO, Pack of 3",LeafLea,8201769,https://www.amazon.com/LeafLea-Graviola-Guanabana-Caffeine-free-Digestion/dp/B0D4QJRQ1S,https://m.media-amazon.com/images/I/51iA8e2SSyL,USD,,,,,,,,,,,,,,gl_grocery,TEA,"16310101,16310211",True,False,departments:16310211,,,,False,,,,0.0,2026-09-16 23:25:19.134315+00:00
B01L7S8E4W,Bestpresso Coffee for Nespresso Original Machine 120 Aluminum pods Certified Genuine Espresso Decaffeinato Blend(Medium Intensity) Pods Compatible with Nespresso Original,Bestpresso,88058,https://www.amazon.com/Bestpresso-Nespresso-Decaffeinato-Compatible-Satisfaction/dp/B01L7S8E4W,https://m.media-amazon.com/images/I/41AvU28pvjL,USD,,,,,,,,,,,,,,gl_office_product,COFFEE,"16310101,16310211",True,False,departments:16310211,,,,False,,,,0.0,2026-09-16 23:25:19.134315+00:00
B0CJ4J43T6,"FreshDrinkUS, 140 Bags Hibiscus Flowers Tea, 100% Natural and Pure. Loose Flower Hibiscus Herbal Tea. Hibiscus Flower Tea. No Sugar, No Caffeine, No Gluten, Vegan.",FRESHDRINKUS,1492703,https://www.amazon.com/FreshDrinkUS-Premium-Hibiscus-Flowers-Caffeine/dp/B0CJ4J43T6,https://m.media-amazon.com/images/I/51mbSX+BCkL,USD,,,,,,,,,,,,,,gl_grocery,TEA,"16310101,16310211",True,False,departments:16310211,,,,False,,,,0.0,2026-09-16 23:25:19.134315+00:00
B0F1SYSYQH,"FullChea Red Clover Tea Bags, 50 Counts, Trébol Rojo, Non-GMO | Pure Dried Red Clover Herb, Rich in Antioxidants, Caffeine-Free, Gentle Herbal Wellness, No Additives, Resealable Pouch",,384400,https://www.amazon.com/FullChea-Clover-Counts-Tr%C3%A9bol-Non-GMO/dp/B0F1SYSYQH,https://m.media-amazon.com/images/I/41HaTZQpbqL,USD,,,,,,,,,,,,,,gl_grocery,TEA,"16310101,16310211",True,False,departments:16310211,,,,False,,,,0.0,2026-09-16 23:25:19.134315+00:00
B07FS11Z7W,"SVI 35 Cushaw Green Striped Pumpkin Seeds (Cucurbita mixta) – Cushaw Squash, Non GMO Winter Squash Seed Packets – Heirloom Vegetable Seeds for Planting Outdoors in Home Garden & Raised Beds",,501976,https://www.amazon.com/Heirloom-Cushaw-Striped-Pumpkin-Winter/dp/B07FS11Z7W,https://m.media-amazon.com/images/I/51kUCUeOiOL,USD,,,,,,,,,,,,,,gl_lawn_and_garden,PLANT_SEED,"16310101,16310211,2972638011,3238155011",True,False,departments:16310211,,,,False,,,,0.0,2026-09-16 23:25:19.134315+00:00
B0G6SBBQFQ,"WildSap Emeralds Freeze Dried Strawberries Dices - 19.2oz Bulk Family Size Canned, 100% Fruit No Added Sugar Unsweetened Strawberry Pieces, Non-GMO Crunchy Fruit Snacks for Cereal, Yogurt & Baking",,18978435,https://www.amazon.com/WildSap-Emeralds-Freeze-Dried-Strawberry/dp/B0G6SBBQFQ,https://m.media-amazon.com/images/I/61VfaAB3YyL,USD,,,,,,,,,,,,,,gl_grocery,FRUIT,"16310101,16310211",True,False,departments:16310211,,,,False,,,,0.0,2026-09-16 23:25:19.134315+00:00
B0HBW7QZRC,"Hisense 50"" Class E6SR Series Hi-QLED 4K UHD Smart Roku TV (50E6SR, 2026 Model) - Dolby Vision, Game Mode Plus, VRR, ALLM, DTS Virtual:X, Apple AirPlay, Compatible with Alexa and Google Assistant",Hisense,248315,https://www.amazon.com/Hisense-Class-Hi-QLED-Smart-50E6SR/dp/B0HBW7QZRC,https://m.media-amazon.com/images/I/41hkehcGLNL,USD,,,,,,,,,,,,,,gl_home_entertainment,TELEVISION,"1266092011,172282,493964",True,False,bubble:us-outlet,,,,False,,,,0.0,2026-09-16 23:25:19.134315+00:00
B0FTT4GXK4,"TCL 55"" T7 4K QLED Google TV with 144Hz Gaming (55T7) | Smooth Motion for Sports & Gaming",TCL,249374,https://www.amazon.com/TCL-55T7-Brightness-Streaming-Television/dp/B0FTT4GXK4,https://m.media-amazon.com/images/I/41deMx31CzL,USD,,,,,,,,,,,,,,gl_home_entertainment,TELEVISION,"1266092011,172282,493964",True,False,bubble:us-outlet,,,,False,,,,0.0,2026-09-16 23:25:19.134315+00:00
B0FBYQHQH1,"Hisense 40-Inch Class QD4 Series Hi-QLED FHD Smart Fire TV (40QD4QF) - Quantum Dot Color, DTS Virtual: X, Alexa Built in, Slim Bezel Design",Hisense,248315,https://www.amazon.com/Hisense-40-inch-QLED-FHD-Fire-TV/dp/B0FBYQHQH1,https://m.media-amazon.com/images/I/41EBP54nYuL,USD,,,,,,,,,,,,,,gl_home_entertainment,TELEVISION,"16333372011,1266092011,172282,493964,16333373011",True,False,bubble:us-outlet,,,,False,,,,0.0,2026-09-16 23:25:19.134315+00:00
B0D9C524DD,Greenworks 3000 PSI (2.0 GPM Max) Brushless Electric Pressure Washer,Greenworks,229357,https://www.amazon.com/Greenworks-Brushless-Electric-Pressure-Washer/dp/B0D9C524DD,https://m.media-amazon.com/images/I/41mEe0smsYL,USD,,,,,,,,,,,,,,gl_lawn_and_garden,PRESSURE_WASHER,"228013,2972638011,3238155011,468240",True,False,bubble:us-outlet,,,,False,,,,0.0,2026-09-16 23:25:19.134315+00:00
B0GH76WGS3,"Hisense 75"" E7 Cinema Series Hi-QLED Mini-LED 4K UHD Smart Fire TV (75E7SF, 2026 NEW) - Native 144Hz, AI Picture, Dolby Vision IQ · Atmos, FALD, HDR10+ Adaptive, MEMC, Alexa+",Hisense,248315,https://www.amazon.com/Hisense-Cinema-Hi-QLED-Mini-LED-75E7SF/dp/B0GH76WGS3,https://m.media-amazon.com/images/I/51rI8ZPl1lL,USD,,,,,,,,,,,,,,gl_home_entertainment,TELEVISION,"1266092011,172282,493964",True,False,bubble:us-outlet,,,,False,,,,0.0,2026-09-16 23:25:19.134315+00:00
B0GFG7PP5V,"WoofBite Giant XL Virtually Indestructible Dog Stick - Lifetime Guaranteed - Tough, Durable Toy for Aggressive Chewers - Safe Non-Toxic Natural Rubber - Chew & Tug - Large - 12""x2.5"", Heavy 2.25lbs",WoofBite,5455288,https://www.amazon.com/WoofBite-Giant-Virtually-Indestructible-Stick/dp/B0GFG7PP5V,https://m.media-amazon.com/images/I/41+gium-E3L,USD,14.99,39.99,63.0,63% off,BEST_DEAL,AVAILABLE,86a5c045,,,,,,,gl_pet_products,PET_TOY,"2619533011,2619534011",False,False,bubble:us-outlet,63.0,25.0,,False,$10–25,50%+,,37.8,2026-09-16 23:25:19.134315+00:00
B0D9JSBLKB,"Spa Gift Baskets for Women, Mothers Day Gifts for Mom Wife Her Sister Friend, Sending Sunshine Sunflower Self Care, Thank You, Get Well Soon Gift for Women After Surgery, Teacher Appreciation Gift",Betem,1774180,https://www.amazon.com/Birthday-Sunflower-Christmas-Sympathy-Relaxation/dp/B0D9JSBLKB,https://m.media-amazon.com/images/I/510NIGphfrL,USD,11.99,23.99,50.0,50% off,BEST_DEAL,AVAILABLE,6284614c,,,,,,,gl_beauty,SKIN_CARE_AGENT,"11055981,3760911",False,False,bubble:us-outlet,50.0,12.0,,False,$10–25,40–50%,,30.0,2026-09-16 23:25:19.134315+00:00
B0CQ58G9TD,"GONGSHI Vacuum Seal Bags for Clothing Travel & Home Storage, Travel Vacuum Bags with Pump,Space Saver for Blankets, Comforters, Pillows, Clothes,24 Combo with Electric Pump",GONGSHI,422656,https://www.amazon.com/GONGSHI-Clothing-Blankets-Comforters-Combo-EPUMP/dp/B0CQ58G9TD,https://m.media-amazon.com/images/I/514Call6q5L,USD,21.98,43.97,50.0,50% off,BEST_DEAL,AVAILABLE,ccc730d5,,,,,,,gl_home,STORAGE_BAG,"1055398,1063498",True,False,bubble:us-outlet,50.0,21.99,,False,$10–25,40–50%,,30.0,2026-09-16 23:25:19.134315+00:00
B07M6CDS77,"COO&KOO Charm Bracelet Making Kit, A Unicorn Girls Toy that Inspires Creativity and Imagination, Crafts for Girls Ages 8-12 with Jewelry Making Kit Perfect Gifts for 6 7 8 9 10 Girl Self-Expression!",COO&KOO,1860663,https://www.amazon.com/COO-KOO-Creativity-Imagination-Self-Expression/dp/B07M6CDS77,https://m.media-amazon.com/images/I/51x9rC42AeL,USD,,,,,,,,,,,,,,gl_home,ART_CRAFT_KIT,"2617941011,2617942011",True,False,bubble:us-outlet,,,,False,,,,0.0,2026-09-16 23:25:19.134315+00:00
B0FZJTQ7J5,"Novurial Heated Lunch Box Cordless for Men & Adults, 18000mAh Rechargeable Cordless Electric Lunch Box with 5-Sided Heating, 1.5L Stainless Steel Food Warmer with Smart Timer for Work & Travel",Novurial,19428993,https://www.amazon.com/Novurial-Cordless-18000mAh-Rechargeable-Stainless/dp/B0FZJTQ7J5,https://m.media-amazon.com/images/I/51w11uf5bnL,USD,45.99,69.99,34.0,34% off,BEST_DEAL,AVAILABLE,a270e021,,,,,,,gl_kitchen,MEAL_HOLDER,"1055398,1063498,284507",True,False,bubble:us-outlet,34.0,24.0,,False,$25–50,30–40%,,20.4,2026-09-16 23:25:19.134315+00:00
B0H9LS6T3R,"Monster Shock Portable Bluetooth Speaker, True Wireless Speaker, 30W Loud Stereo Sound, IPX6 Waterproof Speaker,17 Hours Playback,Outdoor Speakers for Home/Outdoors/Travel",Monster,392247,https://www.amazon.com/Monster-Portable-Bluetooth-Wireless-Waterproof/dp/B0H9LS6T3R,https://m.media-amazon.com/images/I/51MS9uBB1gL,USD,29.99,139.99,79.0,79% off,BEST_DEAL,AVAILABLE,e8c069c7,,,,,,,gl_electronics,SPEAKERS,"172282,493964,7073956011",False,False,bubble:us-outlet,79.0,110.0,,False,$25–50,50%+,,47.4,2026-09-16 23:25:19.134315+00:00
B0GS1T5MPW,"Cordless Weed Wacker Eater Brush Cutter Weed Trimmer with Blade Stringless | 2 X 2.0Ah Electric Weedwacker 21V Battery Powered with Charger - User Friendly Small Yards Grass Cutter for Seniors, Beginner",VOL2GO,16459528,https://www.amazon.com/Cordless-Wacker-Cutter-Trimmer-Stringless/dp/B0GS1T5MPW,https://m.media-amazon.com/images/I/51VpGuLcQKL,USD,,,,,,,,,,,,,,gl_lawn_and_garden,STRING_TRIMMER,"2972638011,3238155011",True,False,bubble:us-outlet,,,,False,,,,0.0,2026-09-16 23:25:19.134315+00:00
B0GQ98JDDZ,"FrSara Portable Handheld Fan, Small Rechargeable Personal Mini Fan, Summer Travel Essentials with 3-Speed, 2000mAh, Great for Outdoor, Makeup, Ideal Gift for Girls, Ladies, Teens, Birthday, Beige",FrSara,940005,https://www.amazon.com/FrSara-Portable-Handheld-Rechargeable-Essentials/dp/B0GQ98JDDZ,https://m.media-amazon.com/images/I/31B1V9WvDkL,USD,9.99,12.99,23.0,23% off,BEST_DEAL,AVAILABLE,87b2f9a6,,,,,,,gl_home,ELECTRIC_FAN,"1055398,1063498",True,False,bubble:us-outlet,23.0,3.0,,False,<$10,20–30%,,13.8,2026-09-16 23:25:19.134315+00:00
B0G244ZVBH,Tire Inflator Portable Air Compressor Portable Cordless Mini Air Pump with Digital Pressure Gauge Inflater 150PSI 3X Fast Inflation Auto Shutoff Large Battery Tires Pump for Cars Motors Bikes Balls,QYQBOON,1253714,https://www.amazon.com/Inflator-Portable-Compressor-Cordless-Inflation/dp/B0G244ZVBH,https://m.media-amazon.com/images/I/51Ot77En4jL,USD,13.99,17.99,22.0,22% off,BEST_DEAL,AVAILABLE,497febf6,,,,,,,gl_automotive,AIR_PUMP,"15684181,15690151",True,False,bubble:us-outlet,22.0,4.0,,False,$10–25,20–30%,,13.2,2026-09-16 23:25:19.134315+00:00
B0F9WTL2RP,"BQYPOWER Handheld Vacuum Cordless Rechargeable, Hand Held Car Vacuum | 16000PA Strong Suction Hand Vacuum Cordless Rechargeable with Multiple Accessories, Portable Car Vacuum Cleaner for Car Home",BQYPOWER,404627,https://www.amazon.com/BQYPOWER-Handheld-Vacuum-Rechargeable-Accessories/dp/B0F9WTL2RP,https://m.media-amazon.com/images/I/51WsVbsVfCL,USD,33.96,39.99,15.0,15% off,BEST_DEAL,AVAILABLE,1c59b0a5,,,,,,,gl_home,VACUUM_CLEANER,"1055398,1063498",True,False,bubble:us-outlet,15.0,6.03,,False,$25–50,10–20%,,9.0,2026-09-16 23:25:19.134315+00:00
B0CSZ6SYY6,"Magesh Portable Oscillating Pedestal Fan＆Remote, 120° Rotation, 3-In-1 Foldaway/Standing/Desk Fan, Anti-Slip 7200Mah Rechargeable, Telescopic 4 Speed Quiet Timer Fan Home Outdoor Travel (Gray)",Magesh,712090,https://www.amazon.com/Magesh-Oscillating-Fan%EF%BC%86Remote-Rechargeable-Telescopic/dp/B0CSZ6SYY6,https://m.media-amazon.com/images/I/41GqmWkRzRL,USD,16.99,42.99,60.0,60% off,BEST_DEAL,AVAILABLE,6b989bd6,,,,,,,gl_home,ELECTRIC_FAN,"1055398,1063498",True,False,bubble:us-outlet,60.0,26.0,,False,$10–25,50%+,,36.0,2026-09-16 23:25:19.134315+00:00
B0B2KX374T,"Duracell Optimum AA Batteries 28 Count (Pack of 1) with Power Boost Ingredients, Re-closable Pack for a Quick, Easy Access and Organized Storage",DURACELL,195694,https://www.amazon.com/Duracell-Batteries-Ingredients-Long-lasting-Household/dp/B0B2KX374T,https://m.media-amazon.com/images/I/41CiBAqSa4L,USD,29.1,36.4,,,,,,,,,,,,gl_drugstore,BATTERY,"3760901,3760931",False,False,bubble:us-outlet,20.1,7.3,,False,$25–50,20–30%,,12.1,2026-09-16 23:25:19.134315+00:00
B0GDFC24CV,"HOMESURE8 Pack 40 Gal Large Strong Moving Bags with Zippers & Carrying Handles - Water-Resistant - Heavy Duty Storage Tote for Space Saving, Fold Flat, Alternative to Moving Box (Blue)",HOMESURE,2142554,https://www.amazon.com/HOMESURE8-Strong-Zippers-Carrying-Handles/dp/B0GDFC24CV,https://m.media-amazon.com/images/I/41LIRdYJLvL,USD,,,,,,,,,,,,,,gl_home,STORAGE_BAG,"1055398,1063498",True,False,bubble:us-outlet,,,,False,,,,0.0,2026-09-16 23:25:19.134315+00:00
B0FVXVH4R9,"WEZVIX Washable 8X10 Area Rugs for Living Room, Soft Low Pile Vintage Rugs with Non Slip Rubber Backing, Boho Large Carpet for Bedroom, Dining Room, Farmhouse, Nursery, Home Office",WEZVIX,521314,https://www.amazon.com/WEZVIX-Washable-Vintage-Backing-Farmhouse/dp/B0FVXVH4R9,https://m.media-amazon.com/images/I/51sKYoOWUJL,USD,41.99,59.99,30.0,30% off,BEST_DEAL,AVAILABLE,10ce03b5,,,,,,,gl_furniture,RUG,"1055398,1063498",True,False,bubble:us-outlet,30.0,18.0,,False,$25–50,20–30%,,18.0,2026-09-16 23:25:19.134315+00:00
B0F23JKPG9,"NOBIS Magnetic Power Bank 22.5W 10000mAh Portable Charger with Stand | 15W Wireless Battery Pack with LED Display, USB-C In/Out Battery Bank for iPhone, Android and More",NOBIS,6992061,https://www.amazon.com/NOBIS-A2641-Magnetic-10000mAh-Wireless/dp/B0F23JKPG9,https://m.media-amazon.com/images/I/41II3PmFp9L,USD,,,,,,,,,,,,,,gl_wireless,POWER_BANK,"2335752011,2335753011",True,False,bubble:us-outlet,,,,False,,,,0.0,2026-09-16 23:25:19.134315+00:00
B0GX9V779H,"Heavy Duty Mattress Moving Bag with Ergonomic Handles, Blue, Queen | Base Cradle Webbing and Ergonomic Stair Carry Handles with Waterproof Dustproof Seal for Secure Mattress Moving and Storage",NATURELUX,2150201,https://www.amazon.com/Heavy-Mattress-Moving-Ergonomic-Handles/dp/B0GX9V779H,https://m.media-amazon.com/images/I/41cGwlv3zkL,USD,,,,,,,,,,,,,,gl_home,MATTRESS_COVER,"1055398,1063498",True,False,bubble:us-outlet,,,,False,,,,0.0,2026-09-16 23:25:19.134315+00:00
B0DYJWTYCB,"EWORK 20V 550CFM Cordless Leaf Blower with 2×4.0Ah Batteries & Fast Charger | Lightweight Handheld Electric Leaf Blower, Turbo Mode 150MPH Battery Powered Blowers for Lawn Yard Patio Cleaning",EWORK,979685,https://www.amazon.com/Cordless-Powerful-Batteries-Variable-Speed-Lightweight/dp/B0DYJWTYCB,https://m.media-amazon.com/images/I/41fPMn-MlkL,USD,,,,,,,,,,,,,,gl_lawn_and_garden,LEAF_BLOWER,"2972638011,3238155011",True,False,bubble:us-outlet,,,,False,,,,0.0,2026-09-16 23:25:19.134315+00:00
B0F4PH97LG,"FLISSA Hunting Blind, 270 See-Through Ground Blind for Deer Hunting | Pop Up Design, Full-Opening Dual Doors, Silent Sliding Windows, Brush Loops, Durable Frame, Camo Tent, Carry Bag Included",FLISSA,1683802,https://www.amazon.com/FLISSA-See-Through-Full-Opening-Camouflage-Reinforced/dp/B0F4PH97LG,https://m.media-amazon.com/images/I/51dVPkZCqDL,USD,,,,,,,,,,,,,,gl_sports,SPORTING_GOODS,"3375251,3375301,3412851",True,False,bubble:us-outlet,,,,False,,,,0.0,2026-09-16 23:25:19.134315+00:00
B0FNJKM6XN,"BondOnLum Aluminum Foil Pans, 9×13 Half Size Pans, Disposable Foil Pans for Roasting, Catering, Picnic or Holiday Needs, Crawfish Boil Party Supplies (30 Pack with Lids)",,17720427,https://www.amazon.com/BondOnLum-Aluminum-Disposable-Roasting-Catering/dp/B0FNJKM6XN,https://m.media-amazon.com/images/I/410tB0wT3pL,USD,20.99,41.99,50.0,50% off,BEST_DEAL,AVAILABLE,dc73b043,,,,,,,gl_kitchen,BAKING_PAN,"1055398,1063498,284507",True,False,bubble:us-outlet,50.0,21.0,,False,$10–25,40–50%,,30.0,2026-09-16 23:25:19.134315+00:00
B0DY4SS58T,"WSYEAR Tulip Lamp Gifts for Mom from Daughter, Christmas Birthday Gifts for Women, Artificial Flower Lamp Night Light for Bedroom Decor Gift for Girlfriend Wife Sister",WSYEAR,1126918,https://www.amazon.com/WSYEAR-Daughter-Birthday-Artificial-Girlfriend/dp/B0DY4SS58T,https://m.media-amazon.com/images/I/41F6u0GF+lL,USD,13.49,26.99,50.0,50% off,BEST_DEAL,AVAILABLE,621a70c8,,,,,,,gl_home_improvement,LAMP,"228013,468240",True,False,bubble:us-outlet,50.0,13.5,,False,$10–25,40–50%,,30.0,2026-09-16 23:25:19.134315+00:00
B0GCZJ6J25,"Goovilla Fence Post Repair Kit for Broken/Leaning/Tilted/Degraded Wood,4Pcs | Heavy Duty Fence Post Anchor Ground Stakes, Robust Quick-Fix Wood Support with Gloves/Installation, Easy to Install,Black",,1688106,https://www.amazon.com/Goovilla-Quick-Fix-Support-Degraded-Installation/dp/B0GCZJ6J25,https://m.media-amazon.com/images/I/512YAmg1AiL,USD,29.99,47.99,38.0,38% off,BEST_DEAL,AVAILABLE,32966bbe,,,,,,,gl_lawn_and_garden,MATERIAL_HANDLING,"16310091,16310161,2972638011,3238155011",True,False,bubble:us-outlet,38.0,18.0,,False,$25–50,30–40%,,22.8,2026-09-16 23:25:19.134315+00:00
B0FMFFRD11,Solary Automotive Magnetic Induction Heater - No Flame Fast Bolt Release | 25s Fast Heating for Rust Stuck Fasteners Old Car Frame Repair Weekend Workshop Car Enthusiast Maintenance Use,Solary,507606,https://www.amazon.com/Solary-Professional-Induction-Bolt-Heater/dp/B0FMFFRD11,https://m.media-amazon.com/images/I/41blQudzf+L,USD,99.99,199.99,50.0,50% off,BEST_DEAL,AVAILABLE,28d78865,,,,,,,gl_home_improvement,HOME_LIGHTING_ACCESSORY,"228013,468240",False,False,bubble:us-outlet,50.0,100.0,,False,$50–100,40–50%,,30.0,2026-09-16 23:25:19.134315+00:00
B0G6Z5MMTX,YOME 40oz Bow Cherry Tumbler Handle and Flip Straw | Stainless Steel Insulated Cute Water Bottle | Keeps Drinks Cold | Dishwasher Safe | Cupholder Friendly | Gift Gym Travel Yoga,,17087681,https://www.amazon.com/YOME-Stainless-Insulated-Dishwasher-Cupholder/dp/B0G6Z5MMTX,https://m.media-amazon.com/images/I/31e64VPoOOL,USD,9.79,19.59,50.0,50% off,BEST_DEAL,AVAILABLE,47671062,,,,,,,gl_kitchen,DRINKING_CUP,"1055398,1063498,284507",True,False,bubble:us-outlet,50.0,9.8,,False,<$10,40–50%,,30.0,2026-09-16 23:25:19.134315+00:00
B09FYWQ44L,"Assark 30W Mini Hot Glue Gun Kit with 30 Glue Sticks | Fast Preheating Hot Melt, High Temp for School Crafts DIY Arts and Quick Home Repairs, Blue",,1418451,https://www.amazon.com/Assark-Sticks-School-Repairs-20W/dp/B09FYWQ44L,https://m.media-amazon.com/images/I/41j2fbGPJ0L,USD,,,,,,,,,,,,,,gl_tools,HOT_GLUE_GUN,"2617941011,2617942011",True,False,bubble:us-outlet,,,,False,,,,0.0,2026-09-16 23:25:19.134315+00:00
B0H67T9RD1,"No Drill Curtain Rod Brackets, 8-Pack Adhesive Hooks with Invisible Nails | Rental Friendly Curtain Rod Holders, Compact 30 lb Brackets for Apartments, Bathrooms, Kitchens, Bedrooms, RVs and Blinds",,18712541,https://www.amazon.com/Curtain-Brackets-8-Pack-Adhesive-Invisible/dp/B0H67T9RD1,https://m.media-amazon.com/images/I/41cXwHSilOL,USD,9.99,12.99,23.0,23% off,BEST_DEAL,AVAILABLE,40f29756,,,,,,,gl_home_improvement,MOUNT_BRACKET,"1055398,1063498",True,False,bubble:us-outlet,23.0,3.0,,False,<$10,20–30%,,13.8,2026-09-16 23:25:19.134315+00:00
B0DD5ZZR6S,"Garmin fēnix® 8 Solar, Sapphire, 47mm, Titanium, Amp Yellow/Graphite | Larger-Sized Premium Multisport Smartwatch, Solar Charging, GPS, Built-In Flashlight, Dive-Rated, Built-In Speakers & Mic",Garmin,222211,https://www.amazon.com/Garmin-f%C4%93nix%C2%AE-Multisport-Long-Lasting-Built/dp/B0DD5ZZR6S,https://m.media-amazon.com/images/I/41EBNb8ukzL,USD,849.98,1099.99,23.0,23% off,BEST_DEAL,AVAILABLE,0965abfa,,2026-09-17 06:59:59+00:00,,,,,gl_wireless,WEARABLE_COMPUTER,"6358539011,7141123011,7141124011,7147441011",True,False,departments:7141124011,23.0,250.01,7.6,True,$250+,20–30%,,13.8,2026-09-16 23:25:19.134315+00:00
B095HGD25X,"YND Men's 2 Piece Suit with Tie, Slim Fit Solid Color Jacket and Pants Set | 1 Button Suits, 20+ Colors, Modern Cut Notch Lapel, Random Tie, for Men of All Ages, Prom Party Wedding and Holidays",YND,622262,https://www.amazon.com/YND-Button-Jacket-Wedding-Trousers/dp/B095HGD25X,https://m.media-amazon.com/images/I/41NDCpo1JwL,USD,,,,,,,,,,,,,,gl_apparel,SUIT,"1040658,7141123011,7141124011,7147441011",True,False,departments:7141124011,,,,False,,,,0.0,2026-09-16 23:25:19.134315+00:00
B0D4QCQ9CQ,"Sidefeel Women's Wide Leg Jeans High Waisted Stretchy Denim Pants | Raw Hem, Zimbaplatinum, Side Seam, Full Length, Baggy Jeans, Boyfriend Fit, Trendy, Fashion Clothing",Sidefeel,591341,https://www.amazon.com/Sidefeel-Womens-Jeans-Waisted-Strechy/dp/B0D4QCQ9CQ,https://m.media-amazon.com/images/I/41+1WEAVupL,USD,28.99,45.99,37.0,37% off,BEST_DEAL,AVAILABLE,d3e8ec14,,,,,,,gl_apparel,PANTS,"1040660,7141123011,7141124011,7147440011",True,False,departments:7141124011,37.0,17.0,,False,$25–50,30–40%,,22.2,2026-09-16 23:25:19.134315+00:00
B0FBFBK7RJ,"PRETTYGARDEN Women's Tailored Wide Leg Work Dress Pants | High Waisted Flowy Business Casual Palazzo Pants, Professional Office Trousers Slacks, Interview Outfits, Work Clothes",PRETTYGARDEN,331302,https://www.amazon.com/PRETTYGARDEN-Business-Palazzo-Waisted-Trousers/dp/B0FBFBK7RJ,https://m.media-amazon.com/images/I/31h-Rqb+rqL,USD,31.99,40.99,22.0,22% off,BEST_DEAL,AVAILABLE,86ebac6f,,,,,,,gl_apparel,PANTS,"1040660,7141123011,7141124011,7147440011",True,False,departments:7141124011,22.0,9.0,,False,$25–50,20–30%,,13.2,2026-09-16 23:25:19.134315+00:00
B0DFWQ5Z7S,"COZYFIT Scrubs for Women Set - Stretch V-Neck & Jogger Pant with 9 Pockets | Yoga Waistband, Water Resistant Workwear, Slim Fit Look, For Nurses, Clinics, Long Shifts, Daily Medical Uniforms",COZYFIT,6170305,https://www.amazon.com/COZYFIT-Scrubs-Women-Set-Waistband/dp/B0DFWQ5Z7S,https://m.media-amazon.com/images/I/31xDHI1JBYL,USD,34.98,40.99,15.0,15% off,BEST_DEAL,AVAILABLE,cd538674,,,,,,,gl_apparel,MEDICAL_SCRUB_SET,"1040660,7141123011,7141124011,7147440011",True,False,departments:7141124011,15.0,6.01,,False,$25–50,10–20%,,9.0,2026-09-16 23:25:19.134315+00:00
B0CHRFJKS6,"PRETTYGARDEN Women's 2 Piece Matching Lounge Set Sweatsuits | Zip Up Sweatshirt, Long Sleeve Pullover Tops, Elastic Waist Drawstring, Wide Leg Pants Pocket, Fall Tracksuit, Spring Outfits",PRETTYGARDEN,331302,https://www.amazon.com/PRETTYGARDEN-Womens-Matching-Lounge-Sweatsuits/dp/B0CHRFJKS6,https://m.media-amazon.com/images/I/31aMo1LjoEL,USD,33.99,51.99,35.0,35% off,LIGHTNING_DEAL,AVAILABLE,bcd7b717,50.0,2026-09-17 00:35:00+00:00,,,,,gl_apparel,TRACK_SUIT,"1040660,7141123011,7141124011,7147440011",True,False,departments:7141124011,35.0,18.0,1.2,True,$25–50,30–40%,,21.0,2026-09-16 23:25:19.134315+00:00
B0BFKP8Z1C,SHAPERX Shapewear for Women Tummy Control Bodysuit Mid Thigh Body Shaper Shorts for a Lifted Look,SHAPERX,416638,https://www.amazon.com/SHAPERX-Shapewear-Control-Bodysuit-SZ5218-2-Beige-S/dp/B0BFKP8Z1C,https://m.media-amazon.com/images/I/31VgGGtjc-L,USD,32.99,45.99,28.0,28% off,BEST_DEAL,AVAILABLE,308d2ad6,,,,,,,gl_apparel,LEOTARD,"1040660,7141123011,7141124011,7147440011",True,False,departments:7141124011,28.0,13.0,,False,$25–50,20–30%,,16.8,2026-09-16 23:25:19.134315+00:00
B0DPW2546M,"PRETTYGARDEN 2026 Blazers for Women Business Casual | Long Sleeve Button Down, Breasted Notch Lapel, Open Front Suit Jacket, Dressy Work Blazer With Pockets, Winter Fall Outfits",PRETTYGARDEN,331302,https://www.amazon.com/PRETTYGARDEN-Blazers-Business-Casual-Pockets/dp/B0DPW2546M,https://m.media-amazon.com/images/I/41T+1Iu+0+L,USD,39.97,49.99,20.0,20% off,LIGHTNING_DEAL,AVAILABLE,ba9b291a,14.0,2026-09-17 00:50:00+00:00,,,,,gl_apparel,BLAZER,"1040660,7141123011,7141124011,7147440011",True,False,departments:7141124011,20.0,10.02,1.4,True,$25–50,10–20%,,12.0,2026-09-16 23:25:19.134315+00:00
B07W2154Y4,FITRELL 3 Pairs Compression Socks for Women and Men 20-30mmHg-Circulation Support Socks,FITRELL,544238,https://www.amazon.com/Compression-20-30mmHg-Circulation-Support-Running/dp/B07W2154Y4,https://m.media-amazon.com/images/I/41mwXbTSeaL,USD,14.99,26.99,44.0,44% off,BEST_DEAL,AVAILABLE,d08088db,,,,,,,gl_apparel,SOCKS,"1040660,7141123011,1040658,7147441011,7147440011,7141124011",True,False,departments:7141124011,44.0,12.0,,False,$10–25,40–50%,,26.4,2026-09-16 23:25:19.134315+00:00
B0D4M2TRT7,COOFANDY Mens Casual Blazer Knit Sport Coat Lightweight Two Button Suit Jacket,COOFANDY,187499,https://www.amazon.com/COOFANDY-Casual-Blazer-Jacket-Fashion/dp/B0D4M2TRT7,https://m.media-amazon.com/images/I/41WjUuW-1CL,USD,56.99,69.99,19.0,19% off,BEST_DEAL,AVAILABLE,1c16213c,,,,,,,gl_apparel,BLAZER,"1040658,7141123011,7141124011,7147441011",True,False,departments:7141124011,19.0,13.0,,False,$50–100,10–20%,,11.4,2026-09-16 23:25:19.134315+00:00
B0DDDY3WZT,100% Full Grain Genuine Leather Clogs for Men - Fall Shoes for Men 2026 | Memory Foam Insole Arch Support; Natural Cork Footbed Mens Clogs Shoes; Non Slip and Water-Resistant Mules Mens Slippers,Project Cloud,5209892,https://www.amazon.com/Project-Cloud-Mens-Clogs-TAUPSUEDE/dp/B0DDDY3WZT,https://m.media-amazon.com/images/I/41T5qJosNBL,USD,29.9,54.9,46.0,46% off,LIGHTNING_DEAL,AVAILABLE,82263b96,5.0,2026-09-17 00:30:00+00:00,,,,,gl_shoes,SHOES,"679255011,7141123011,7141124011,7147441011",True,False,departments:7141124011,46.0,25.0,1.1,True,$25–50,40–50%,,27.6,2026-09-16 23:25:19.134315+00:00
B0CGLWP2ST,BAMBOO COOL Men's Underwear Breathable Boxer Briefs with Fly Moisture-Wicking Lightweight Underwear 7-Pack,BAMBOO COOL,742712,https://www.amazon.com/BAMBOO-COOL-3D-Pouch-Breathable-Underwear/dp/B0CGLWP2ST,https://m.media-amazon.com/images/I/31BGt3xlamL,USD,45.99,56.99,19.0,19% off,BEST_DEAL,AVAILABLE,d1748b45,,,,,,,gl_apparel,UNDERPANTS,"1040658,7141123011,7141124011,7147441011",True,False,departments:7141124011,19.0,11.0,,False,$25–50,10–20%,,11.4,2026-09-16 23:25:19.134315+00:00
B0C699HSY4,"KIDMI Genuine Suede Clogs for Women Men Cork Footbed Mules Potato Shoes | Arch Support, Comfortable, Leather Slip On, Fall, Casual, Indoor Outdoor, Non-slip Rubber Sole, Adjustable Metal Buckle",KIDMI,3548702,https://www.amazon.com/KIDMI-Leather-Footbed-Sandals-Support/dp/B0C699HSY4,https://m.media-amazon.com/images/I/51ucp++2R0L,USD,39.98,49.99,20.0,20% off,BEST_DEAL,AVAILABLE,132cdbbe,,,,,,,gl_shoes,SHOES,"679337011,7141123011,7141124011,7147440011",True,False,departments:7141124011,20.0,10.01,,False,$25–50,10–20%,,12.0,2026-09-16 23:25:19.134315+00:00
B0BN8K5SH8,Bruno Marc Men's Business Shoes Derby Lace-Up Shoes Suit Shoes Leather with Oxford Lining,Bruno Marc,264169,https://www.amazon.com/Bruno-Marc-Leather-Classic-DOWNINGWIDE-02/dp/B0BN8K5SH8,https://m.media-amazon.com/images/I/41HNv05DTIL,USD,37.99,49.99,24.0,24% off,BEST_DEAL,AVAILABLE,dc31a086,,,,,,,gl_shoes,SHOES,"679255011,7141123011,7141124011,7147441011",True,False,departments:7141124011,24.0,12.0,,False,$25–50,20–30%,,14.4,2026-09-16 23:25:19.134315+00:00
B09X5WMVW5,"Toomett Women‘s Hiking Cargo Pants UPF 50 Quick Dry with Zipper Pockets | Lightweight, Travel, Golf, Safari,sun protection,water resistant",Toomett,472017,https://www.amazon.com/Womens-Hiking-Lightweight-Camping-Pockets/dp/B09X5WMVW5,https://m.media-amazon.com/images/I/31aSrHSlUVL,USD,32.99,38.49,14.0,14% off,BEST_DEAL,AVAILABLE,0058ee37,,,,,,,gl_apparel,PANTS,"7141123011,7141124011",True,False,departments:7141124011,14.0,5.5,,False,$25–50,10–20%,,8.4,2026-09-16 23:25:19.134315+00:00
B0H4L8PLBP,"Ekouaer 2 Piece Sets for Women Half Zip Lounge Sets Matching Fall Outfits | Airport Travel Outfits, Wide Leg Sweatpants, Athleisure Workout Set SweatSuits, 2026 Fashion Fall Winter Loungewear Set",Ekouaer,259931,https://www.amazon.com/Ekouaer-Piece-Lounge-Matching-Outfits/dp/B0H4L8PLBP,https://m.media-amazon.com/images/I/315ppGZhZAL,USD,35.99,45.99,22.0,22% off,LIGHTNING_DEAL,AVAILABLE,9a2262bb,13.0,2026-09-17 01:55:00+00:00,,,,,gl_apparel,COORDINATED_OUTFIT,"1040660,7141123011,7141124011,7147440011",True,False,departments:7141124011,22.0,10.0,2.5,True,$25–50,20–30%,,13.2,2026-09-16 23:25:19.134315+00:00
B09YH3YJ2T,Rilista Women's Slingback Kitten Heels Closed Pointed Toe Backless Wedding Party Dress Pumps Shoes,Rilista,1073826,https://www.amazon.com/Rilista-Womens-Pointed-Wedding-Slingback/dp/B09YH3YJ2T,https://m.media-amazon.com/images/I/31eXgjx4xIL,USD,29.94,39.99,25.0,25% off,LIGHTNING_DEAL,AVAILABLE,1f5a3b7d,70.0,2026-09-17 03:50:00+00:00,,,,,gl_shoes,SHOES,"679337011,7141123011,7141124011,7147440011",True,False,departments:7141124011,25.0,10.05,4.4,True,$25–50,20–30%,,15.0,2026-09-16 23:25:19.134315+00:00
B0BZBYC138,"Bruno Marc Men's Dress Oxfords Casual Derby Sneakers | Breathable Perforated Synthetic Leather, Cushioned Insole, Shock-absorbent Outfit, Fit Boardrooms Bars Daily Wear & Events",Bruno Marc,264169,https://www.amazon.com/Bruno-Marc-Dress-OxfordsShoes-Black/dp/B0BZBYC138,https://m.media-amazon.com/images/I/31YZvk9jJDL,USD,36.88,56.99,35.0,35% off,BEST_DEAL,AVAILABLE,402f02a3,,,,,,,gl_shoes,SHOES,"679255011,7141123011,7141124011,7147441011",True,False,departments:7141124011,35.0,20.11,,False,$25–50,30–40%,,21.0,2026-09-16 23:25:19.134315+00:00
B08LB94KDX,"G Gradual Women's Pants with Deep Pockets 7/8 Stretch Ankle Sweatpants | Golf, Athletic, Travel, Lounge, Business Casual, Teacher, Drawstring Waist, Butter Soft 4-Way Stretch, Lightweight",G Gradual,331282,https://www.amazon.com/Gradual-Pockets-Sweatpants-Athletic-XX-Large/dp/B08LB94KDX,https://m.media-amazon.com/images/I/31kz7NZE+VL,USD,,,,,,,,,,,,,,gl_apparel,PANTS,"7141123011,7141124011",True,False,departments:7141124011,,,,False,,,,0.0,2026-09-16 23:25:19.134315+00:00
B09Z62QVKJ,"CHAOREN Men's Leather Ratchet Belt - Customizable Fit (35mm) | Smooth Sliding, Precise Micro‑Adjust, Trim to Fit, Dress & Casual Wear, Gift Box",CHAOREN,424869,https://www.amazon.com/CHAOREN-Ratchet-Belt-men-Adjustable/dp/B09Z62QVKJ,https://m.media-amazon.com/images/I/41j8dZw8ugL,USD,16.99,19.99,15.0,15% off,LIGHTNING_DEAL,AVAILABLE,fcfa70a2,18.0,2026-09-17 05:55:00+00:00,,,,,gl_apparel,APPAREL_BELT,"7141123011,7141124011,7147441011",True,False,departments:7141124011,15.0,3.0,6.5,True,$10–25,10–20%,,9.0,2026-09-16 23:25:19.134315+00:00
B09YTVKBQ1,"PRETTYGARDEN Women's One Shoulder Cocktail Maxi Dresses | Sleeveless Bow, Ruched Waist, Side Slit, Long Bodycon Dress, Elegant Semi Formal, Wedding Guest Party, Summer Outfits",PRETTYGARDEN,331302,https://www.amazon.com/PRETTYGARDEN-Shoulder-Dresses-Sleeveless-Bodycon/dp/B09YTVKBQ1,https://m.media-amazon.com/images/I/31C9WN6ZtNL,USD,50.98,68.99,26.0,26% off,LIGHTNING_DEAL,AVAILABLE,d8e1c2d7,40.0,2026-09-17 02:25:00+00:00,,,,,gl_apparel,DRESS,"1040660,7141123011,7141124011,7147440011",True,False,departments:7141124011,26.0,18.01,3.0,True,$50–100,20–30%,,15.6,2026-09-16 23:25:19.134315+00:00
B092QX8341,"BRONAX Cushioned Thick Sole Pillow Slippers for Women and Men Y10 | Cloud-Like Soft Sole, Foot Pain Relief, EVA Platform Sole, Indoor Outdoor Slides, Waterproof Shower Ready, Quick-Drying",BRONAX,357242,https://www.amazon.com/BRONAX-Slippers-Non-Slip-Cushion-Bathroom/dp/B092QX8341,https://m.media-amazon.com/images/I/41cGK6uyooL,USD,20.35,31.19,35.0,35% off,BEST_DEAL,AVAILABLE,60d9d627,,,,,,,gl_shoes,SLIPPER,"7141123011,679337011,7147441011,7147440011,7141124011,679255011",True,False,departments:7141124011,35.0,10.84,,False,$10–25,30–40%,,21.0,2026-09-16 23:25:19.134315+00:00
B073TVWLMZ,MAGE MALE Men's 3 Pieces Suit Elegant Solid One Button Slim Fit Single Breasted Party Blazer Vest Pants Set,MAGE MALE,490290,https://www.amazon.com/MAGE-MALE-Pieces-Elegant-Breasted/dp/B073TVWLMZ,https://m.media-amazon.com/images/I/41J0c4fOEfL,USD,,,,,,,,,,,,,,gl_apparel,SUIT,"1040658,7141123011,7141124011,7147441011",True,False,departments:7141124011,,,,False,,,,0.0,2026-09-16 23:25:19.134315+00:00
B0B463B981,PIZZ ANNU Women's Low Block Chunky Heels Sandals Comfortable Open Toe Ankle Strap Party Dress Pump Shoes Strappy Buckle Heeled Sandal with 2 Inches Tall Thick Heel Design,PIZZ ANNU,340791,https://www.amazon.com/PIZZ-ANNU-Sandals-Wedding-Glitter/dp/B0B463B981,https://m.media-amazon.com/images/I/41mrkHspzML,USD,28.04,32.99,15.0,15% off,LIGHTNING_DEAL,AVAILABLE,6058f043,7.0,2026-09-17 05:30:00+00:00,,,,,gl_shoes,SANDAL,"679337011,7141123011,7141124011,7147440011",True,False,departments:7141124011,15.0,4.95,6.1,True,$25–50,10–20%,,9.0,2026-09-16 23:25:19.134315+00:00
B0DCF9KN7R,LULLASONG Women's Kitten Heels Sandals Square Open Toe Flip Flop Heels 1.8-2 Inch Heeled Sandals for Women,LULLASONG,5892927,https://www.amazon.com/LULLASONG-Womens-Kitten-Sandals-Square/dp/B0DCF9KN7R,https://m.media-amazon.com/images/I/31G5HwmiI9L,USD,29.58,35.99,18.0,18% off,BEST_DEAL,AVAILABLE,f6968721,,,,,,,gl_shoes,SANDAL,"679337011,7141123011,7141124011,7147440011",True,False,departments:7141124011,18.0,6.41,,False,$25–50,10–20%,,10.8,2026-09-16 23:25:19.134315+00:00
B0CR6HB3T3,"baleaf Women's Travel Pants Lightweight Stretch with Zip Pockets | Petite Fit Available, Secure Zip Pockets, Business Casual Slacks, Stretch Comfort for golf walking Jogging",baleaf,39227,https://www.amazon.com/BALEAF-Womens-Stretch-Pockets-Casual/dp/B0CR6HB3T3,https://m.media-amazon.com/images/I/312T1zv5gBL,USD,27.99,39.99,30.0,30% off,BEST_DEAL,AVAILABLE,21d73bf8,,,,,,,gl_apparel,PANTS,"7141123011,7141124011",True,False,departments:7141124011,30.0,12.0,,False,$25–50,20–30%,,18.0,2026-09-16 23:25:19.134315+00:00
B0DYTCM1LR,Lusead Men's Dress Shirts Long Sleeve Stretch Wrinkle Free Wedding Formal Business Button Down Shirt,Lusead,6416357,https://www.amazon.com/Lusead-Shirts-Wedding-Wrinkle-Stretch/dp/B0DYTCM1LR,https://m.media-amazon.com/images/I/31rbFSqoIqL,USD,13.48,18.99,29.0,29% off,BEST_DEAL,AVAILABLE,c32eafc4,,,,,,,gl_apparel,SHIRT,"1040658,7141123011,7141124011,7147441011",True,False,departments:7141124011,29.0,5.51,,False,$10–25,20–30%,,17.4,2026-09-16 23:25:19.134315+00:00
B0FRTZCBGC,ROUWELL Men’s Wrinkle Free Dress Shirts Regular Fit Long Sleeve Non Iron Business Casual Wedding Stretch Button Down Shirt,,18017791,https://www.amazon.com/ROUWELL-Wrinkle-Stretch-Business-Wedding/dp/B0FRTZCBGC,https://m.media-amazon.com/images/I/31E0x5fZSnL,USD,14.99,17.99,17.0,17% off,BEST_DEAL,AVAILABLE,77fdcfe7,,,,,,,gl_apparel,SHIRT,"1040658,7141123011,7141124011,7147441011",True,False,departments:7141124011,17.0,3.0,,False,$10–25,10–20%,,10.2,2026-09-16 23:25:19.134315+00:00
B0C1Z64LJR,Men's Cotton T-Shirts Oversized Unisex Short Sleeves Casual Loose Wash Solid Basic Tee Tops,KEEPSHOWING,1135119,https://www.amazon.com/Oversized-T-Shirts-Vintage-Sleeves-Coffee/dp/B0C1Z64LJR,https://m.media-amazon.com/images/I/41og0L39BpL,USD,23.06,33.24,31.0,31% off,LIGHTNING_DEAL,AVAILABLE,23eee753,5.0,2026-09-17 01:20:00+00:00,,,,,gl_apparel,SHIRT,"1040658,7141123011,7141124011,7147441011",True,False,departments:7141124011,31.0,10.18,1.9,True,$10–25,30–40%,,18.6,2026-09-16 23:25:19.134315+00:00
